title,page,published_on,source_url,archive_url,archive_timestamp,country,key,publication_title,new_pub_id
"GOC urges stakeholders to end perennial communal clashes in A’ibom, Cross River states",,2017-02-13,http://www.championnews.com.ng/goc-urges-stakeholders-to-end-perennial-communal-clashes-in-aibom-cross-river-states/,https://web.archive.org/web/20170214050742/http://www.championnews.com.ng/goc-urges-stakeholders-to-end-perennial-communal-clashes-in-aibom-cross-river-states/,2017-02-14T05:07:42,Nigeria,NigeriaChampion Newspapers,Champion Newspapers,56aeba70-cddd-495a-aa83-424ca50cf6b9
Nigerian Army Updates Officers On Operations Planning,,2013-04-28,http://www.channelstv.com/2013/04/28/nigerian-army-updates-officers-on-operations-planning/,https://web.archive.org/web/20160420203208/http://www.channelstv.com/2013/04/28/nigerian-army-updates-officers-on-operations-planning/,2016-04-20T20:32:08,Nigeria,NigeriaChannels Television,Channels Television,b1f055ba-0099-47cc-9997-3e910e96fde9
"Jonathan Sacks GOCs, Redeploys Others",,2010-09-25,http://allafrica.com/stories/201009270430.html,No archive available,,Nigeria,NigeriaDaily Champion,Daily Champion,6b6ee6fe-96a7-40d5-b67b-948d9d7679d8
680 Nigerian Soldiers Leave for Sudan,,2006-08-12,http://allafrica.com/stories/200508150069.html,No archive available,,Nigeria,NigeriaDaily Champion,Daily Champion,6b6ee6fe-96a7-40d5-b67b-948d9d7679d8
JTF Arrests 50 Bunkerers,,2009-11-08,http://allafrica.com/stories/200911091188.html,No archive available,,Nigeria,NigeriaDaily Champion,Daily Champion,6b6ee6fe-96a7-40d5-b67b-948d9d7679d8
"Boko Haram Kills 45 in Borno, Adamawa",,2015-12-28,http://allafrica.com/stories/201512290139.html,No archive available,,Nigeria,NigeriaDaily Independent,Daily Independent,423a4021-db29-4780-9cee-688d88790af8
"Crush Boko Haram in Three Months, Buhari Orders Military Chiefs",,2015-08-14,http://allafrica.com/stories/201508140550.html,No archive available,,Nigeria,NigeriaDaily Independent,Daily Independent,423a4021-db29-4780-9cee-688d88790af8
Driver Beats Policeman to Death in Benin,,2014-07-01,http://allafrica.com/stories/201407020439.html,https://web.archive.org/web/20160629155047/http://allafrica.com/stories/201407020439.html,2016-06-29T15:50:47,Nigeria,NigeriaDaily Independent,Daily Independent,423a4021-db29-4780-9cee-688d88790af8
Escape of Detainees - GOC 3 Division Sets Up Martial Court to Try Gen Raji,,2011-08-16,http://allafrica.com/stories/201108170773.html,No archive available,,Nigeria,NigeriaDaily Independent,Daily Independent,423a4021-db29-4780-9cee-688d88790af8
Boko Haram: Rogers Nicholas replaces Attahiru as theatre commander,,2017-12-06,http://dailypost.ng/2017/12/06/boko-haram-rogers-nicholas-replaces-attahiru-theatre-commander/,https://web.archive.org/web/20171208132009/http://dailypost.ng/2017/12/06/boko-haram-rogers-nicholas-replaces-attahiru-theatre-commander/,2017-12-08T13:20:09,Nigeria,NigeriaDaily Post,Daily Post,3bf7a446-d6b6-4287-a11c-61b6e741c691
"Army Redeploys Minimah, Others",,2013-01-28,http://allafrica.com/stories/201301281046.html,No archive available,,Nigeria,NigeriaDaily Trust,Daily Trust,ffc4fc8e-45e1-4ddb-9faa-55c7e16f81ee
"Army test officers’ proficiency in handling of weapons, military drills",,2018-07-30,https://www.dailytrust.com.ng/army-test-officers-proficiency-in-handling-of-weapons-military-drills-263292.html,https://web.archive.org/web/20180918172328/https://www.dailytrust.com.ng/army-test-officers-proficiency-in-handling-of-weapons-military-drills-263292.html,,Nigeria,NigeriaDaily Trust,Daily Trust,ffc4fc8e-45e1-4ddb-9faa-55c7e16f81ee
"Buratai Visits Troops, More Boko Haram Camps Are Destroyed",,2015-11-09,http://allafrica.com/stories/201511101099.html,No archive available,,Nigeria,NigeriaDaily Trust,Daily Trust,ffc4fc8e-45e1-4ddb-9faa-55c7e16f81ee
"Man Gets Title, Car, N",,2015-05-20,http://allafrica.com/stories/201505201313.html,No archive available,,Nigeria,NigeriaDaily Trust,Daily Trust,ffc4fc8e-45e1-4ddb-9faa-55c7e16f81ee
"Stay Away From Liberian Women, GOC Tells Peacekeeping Troops",,2012-06-19,http://allafrica.com/stories/201206190747.html,No archive available,,Nigeria,NigeriaDaily Trust,Daily Trust,ffc4fc8e-45e1-4ddb-9faa-55c7e16f81ee
"Troops clear Boko Haram in Doksa, Dure",,2016-03-06,http://www.dailytrust.com.ng/news/general/troops-clear-boko-haram-in-doksa-dure/136754.html,https://web.archive.org/web/20160324033444/http://www.dailytrust.com.ng/news/general/troops-clear-boko-haram-in-doksa-dure/136754.html,2016-03-24T03:34:44,Nigeria,NigeriaDaily Trust,Daily Trust,ffc4fc8e-45e1-4ddb-9faa-55c7e16f81ee
"We Arrested Zakzaky, Wife - Army",,2015-12-15,http://www.dailytrust.com.ng/news/general/we-arrested-zakzaky-wife--army/124411.html,https://web.archive.org/web/20160110170009/http://dailytrust.com.ng/news/general/we-arrested-zakzaky-wife--army/124411.html,2016-01-10T17:00:09,Nigeria,NigeriaDaily Trust,Daily Trust,ffc4fc8e-45e1-4ddb-9faa-55c7e16f81ee
21 Brigade of the Nigerian Army gets new commander,,2017-05-01,https://www.dailytrust.com.ng/news/general/21-brigade-of-the-nigerian-army-gets-new-commander/195748.html,https://web.archive.org/web/20170501054017/https://www.dailytrust.com.ng/news/general/21-brigade-of-the-nigerian-army-gets-new-commander/195748.html,2017-05-01T05:40:17,Nigeria,NigeriaDaily Trust,Daily Trust,ffc4fc8e-45e1-4ddb-9faa-55c7e16f81ee
6 Div Commander resumes duty in Port Harcourt,,2017-02-04,https://www.dailytrust.com.ng/news/general/6-div-commander-resumes-duty-in-port-harcourt/183826.html,https://web.archive.org/web/20170925180604/https://www.dailytrust.com.ng/news/general/6-div-commander-resumes-duty-in-port-harcourt/183826.html,2017-09-25T18:06:04,Nigeria,NigeriaDaily Trust,Daily Trust,ffc4fc8e-45e1-4ddb-9faa-55c7e16f81ee
700 Soldiers Leave for Liberia,,2013-03-11,http://allafrica.com/stories/201303110659.html,No archive available,,Nigeria,NigeriaDaily Trust,Daily Trust,ffc4fc8e-45e1-4ddb-9faa-55c7e16f81ee
Amnesty - Nigerian Military Committing War Crimes,,2014-08-05,http://allafrica.com/stories/201408050258.html,No archive available,,Nigeria,NigeriaDaily Trust,Daily Trust,ffc4fc8e-45e1-4ddb-9faa-55c7e16f81ee
Army Committed to Indivisible Country - General Idoko,,2010-10-21,http://allafrica.com/stories/201010210109.html,No archive available,,Nigeria,NigeriaDaily Trust,Daily Trust,ffc4fc8e-45e1-4ddb-9faa-55c7e16f81ee
Army Presence Will Beef Up Security in Jigawa - Lamido,,2008-08-02,http://allafrica.com/stories/200808040597.html,No archive available,,Nigeria,NigeriaDaily Trust,Daily Trust,ffc4fc8e-45e1-4ddb-9faa-55c7e16f81ee
Army Sends More Troops to Darfur,,2007-10-15,http://allafrica.com/stories/200710151623.html,No archive available,,Nigeria,NigeriaDaily Trust,Daily Trust,ffc4fc8e-45e1-4ddb-9faa-55c7e16f81ee
Awala Is New GOC 3 Division - Army,,2013-02-02,http://allafrica.com/stories/201302020080.html,No archive available,,Nigeria,NigeriaDaily Trust,Daily Trust,ffc4fc8e-45e1-4ddb-9faa-55c7e16f81ee
Benue Builds on Relationship With Army,,2009-03-17,http://allafrica.com/stories/200903170031.html,No archive available,,Nigeria,NigeriaDaily Trust,Daily Trust,ffc4fc8e-45e1-4ddb-9faa-55c7e16f81ee
Brig-Gen. Raji - the Road to Court Marshal,,2011-08-25,http://allafrica.com/stories/201108250762.html,No archive available,,Nigeria,NigeriaDaily Trust,Daily Trust,ffc4fc8e-45e1-4ddb-9faa-55c7e16f81ee
Commander Seeks Collaboration With Traditional Rulers On Insurgency,,2015-09-18,http://allafrica.com/stories/201509180109.html,No archive available,,Nigeria,NigeriaDaily Trust,Daily Trust,ffc4fc8e-45e1-4ddb-9faa-55c7e16f81ee
Crime - Army to Deploy Soldiers to Ogun,,2012-11-21,http://allafrica.com/stories/201211210812.html,No archive available,,Nigeria,NigeriaDaily Trust,Daily Trust,ffc4fc8e-45e1-4ddb-9faa-55c7e16f81ee
GOC Urges Army to Be Neutral During Elections,,2010-11-08,http://allafrica.com/stories/201011080115.html,No archive available,,Nigeria,NigeriaDaily Trust,Daily Trust,ffc4fc8e-45e1-4ddb-9faa-55c7e16f81ee
GOCs Redeployed in Army Shake-Up,,2012-02-16,http://allafrica.com/stories/201202160793.html,No archive available,,Nigeria,NigeriaDaily Trust,Daily Trust,ffc4fc8e-45e1-4ddb-9faa-55c7e16f81ee
Insurgency - Army Rewards Injured Officers,,2014-09-15,http://allafrica.com/stories/201409152501.html,No archive available,,Nigeria,NigeriaDaily Trust,Daily Trust,ffc4fc8e-45e1-4ddb-9faa-55c7e16f81ee
Insurgency: Nigeria at war —GOC warns,,2014-02-20,http://www.dailytrust.com.ng/daily/index.php/news-menu/news/17319-insurgency-nigeria-at-war-goc-warns,https://web.archive.org/web/20150930005834/http://www.dailytrust.com.ng/daily/index.php/news-menu/news/17319-insurgency-nigeria-at-war-goc-warns,2015-09-30T00:58:34,Nigeria,NigeriaDaily Trust,Daily Trust,ffc4fc8e-45e1-4ddb-9faa-55c7e16f81ee
Kano Govt to Facilitate N2 Billion Loan for SMEs - Gov Ganduje,,2015-09-09,http://allafrica.com/stories/201509090282.html,No archive available,,Nigeria,NigeriaDaily Trust,Daily Trust,ffc4fc8e-45e1-4ddb-9faa-55c7e16f81ee
Much Ado About Dambazau,,2010-03-17,http://allafrica.com/stories/201003170455.html,No archive available,,Nigeria,NigeriaDaily Trust,Daily Trust,ffc4fc8e-45e1-4ddb-9faa-55c7e16f81ee
NDA Boss Calls for Combat Alertness,,2008-10-12,http://allafrica.com/stories/200810130674.html,No archive available,,Nigeria,NigeriaDaily Trust,Daily Trust,ffc4fc8e-45e1-4ddb-9faa-55c7e16f81ee
Nwoga Takes Over At Three Division,,2014-01-11,http://allafrica.com/stories/201401130501.html,https://web.archive.org/web/20161104151502/http://allafrica.com/stories/201401130501.html,2016-11-04T15:15:02,Nigeria,NigeriaDaily Trust,Daily Trust,ffc4fc8e-45e1-4ddb-9faa-55c7e16f81ee
Sacked GOCs Get New Posts,,2010-09-27,http://allafrica.com/stories/201009270564.html,No archive available,,Nigeria,NigeriaDaily Trust,Daily Trust,ffc4fc8e-45e1-4ddb-9faa-55c7e16f81ee
Sudan: Darfur Crisis: First Batch of Troops Airlifted to Sudan,,2006-03-28,http://allafrica.com/stories/200603280287.html,No archive available,,Nigeria,NigeriaDaily Trust,Daily Trust,ffc4fc8e-45e1-4ddb-9faa-55c7e16f81ee
Terrible week of road accidents (Editorial),,2016-03-17,http://www.dailytrust.com.ng/news/editorial/terrible-week-of-road-accidents/138228.html,https://web.archive.org/web/20160329141417/http://www.dailytrust.com.ng/news/editorial/terrible-week-of-road-accidents/138228.html,2016-03-29T14:14:17,Nigeria,NigeriaDaily Trust,Daily Trust,ffc4fc8e-45e1-4ddb-9faa-55c7e16f81ee
Why We Retired Army Generals - Yar'Adua,,2007-08-01,http://allafrica.com/stories/200708010477.html,No archive available,,Nigeria,NigeriaDaily Trust,Daily Trust,ffc4fc8e-45e1-4ddb-9faa-55c7e16f81ee
NEW THEATRE COMMANDERS FOR OPERATION LAFIYA DOLE APPOINTED,,2015-12-18,http://defenceinfo.mil.ng/new-theatre-commanders-for-operation-lafiya-dole-appointed/,https://web.archive.org/web/20160407205653/http://defenceinfo.mil.ng/new-theatre-commanders-for-operation-lafiya-dole-appointed/,2016-04-07T20:56:53,Nigeria,NigeriaDefence Headquarters,Defence Headquarters,3187c166-95a5-41b3-b2dd-f5e2edcd8dd6
Anti-Graft War: EFCC Seeks Army Support,,2016-01-15,https://efccnigeria.org/efcc/news/1620-anti-graft-war-efcc-seeks-army-support,https://web.archive.org/web/20171220194636/https://efccnigeria.org/efcc/news/1620-anti-graft-war-efcc-seeks-army-support,2017-12-20T19:46:36,Nigeria,NigeriaEconomic and Financial Crimes Commission,Economic and Financial Crimes Commission,77e3c93a-178f-400b-9874-5818c0f8a855
Army Kill 14 Boko Haram Terrorists In Yobe – GOC 3 Division,,2016-01-26,http://independent.ng/army-kill-14-boko-haram-terrorists-yobe-goc-3-division/,https://web.archive.org/web/20170922205001/http://independent.ng/army-kill-14-boko-haram-terrorists-yobe-goc-3-division/,2017-09-22T20:50:01,Nigeria,NigeriaIndependent,Independent,e3bc0ad9-7cf5-48d2-8a95-f0e21547f575
TELEPHONE DIRECTORY OF KEY OFFICERS/AREA COMMANDERS AND DPOS IN L/STATE POLICE COMMAND,,2014,http://www.lagosstate.gov.ng/lagos_security_numbers.pdf,https://web.archive.org/web/20140630161420/http://www.lagosstate.gov.ng/lagos_security_numbers.pdf,2014-06-30T16:14:20,Nigeria,NigeriaLagos State Government,Lagos State Government,36b1dc27-f30b-4196-a384-47bd10d7d5e2
"24 Killed in Bauchi, Jos Attacks",,2011-01-28,http://allafrica.com/stories/201101280503.html,https://web.archive.org/20110130044716/http://allafrica.com:80/stories/201101280503.html,2011-01-30T04:47:16,Nigeria,NigeriaLeadership,Leadership,8f96e06a-1bfa-47a4-b05f-e6360770aca4
"Finally, Nigerian Troops Bombard Sambisa Forest",,2015-02-03,http://leadership.ng/news/408993/finally-nigerian-troops-bombard-sambisa-forest,https://web.archive.org/web/20150204161545/http://leadership.ng/news/408993/finally-nigerian-troops-bombard-sambisa-forest,2015-02-04T16:15:45,Nigeria,NigeriaLeadership,Leadership,8f96e06a-1bfa-47a4-b05f-e6360770aca4
"GOC, Brigade Commander Move to Liberate Monguno",,2015-02-15,http://leadership.ng/news/411873/goc-brigade-commander-move-to-liberate-monguno,https://web.archive.org/web/20150321195741/http://leadership.ng/news/411873/goc-brigade-commander-move-to-liberate-monguno,2015-03-21T19:57:41,Nigeria,NigeriaLeadership,Leadership,8f96e06a-1bfa-47a4-b05f-e6360770aca4
"Ihejirika Heads for Defence, as Jonathan Shops for New Coas",,2012-08-18,http://allafrica.com/stories/201208190142.html,No archive available,,Nigeria,NigeriaLeadership,Leadership,8f96e06a-1bfa-47a4-b05f-e6360770aca4
"Soldiers Seize Leadership, Daily Trust, the Nation Newspapers in Minna",,2014-06-10,http://allafrica.com/stories/201406100282.html,https://web.archive.org/20140610142955/http://allafrica.com/stories/201406100282.html,2014-06-10T14:29:55,Nigeria,NigeriaLeadership,Leadership,8f96e06a-1bfa-47a4-b05f-e6360770aca4
"Troops Kill 50 Insurgents, As Army Chief Visits Borno",,2013-09-07,http://ireporters247.blogspot.com/2013/09/troops-kill-50-insurgents-as-army-chief.html,http://web.archive.org/web/20170822121310/http://ireporters247.blogspot.com/2013/09/troops-kill-50-insurgents-as-army-chief.html,2017-08-22T12:13:10,Nigeria,NigeriaLeadership,Leadership,8f96e06a-1bfa-47a4-b05f-e6360770aca4
Army Chief Commends Akwa Ibom Government On Niger Delta Crisis,,2007-10-17,http://allafrica.com/stories/200710170114.html,No archive available,,Nigeria,NigeriaLeadership,Leadership,8f96e06a-1bfa-47a4-b05f-e6360770aca4
Army Court Martial's 14 STF Soldiers for 'Gross Misconduct',,2012-05-28,http://allafrica.com/stories/201205290231.html,No archive available,,Nigeria,NigeriaLeadership,Leadership,8f96e06a-1bfa-47a4-b05f-e6360770aca4
Army Deploys More Soldiers to Darfur,,2013-01-12,https://allafrica.com/stories/201301140462.html,No archive available,,Nigeria,NigeriaLeadership,Leadership,8f96e06a-1bfa-47a4-b05f-e6360770aca4
Army Goc Warns Soldiers Against Civilians,,2007-09-24,http://allafrica.com/stories/200709240888.html,No archive available,,Nigeria,NigeriaLeadership,Leadership,8f96e06a-1bfa-47a4-b05f-e6360770aca4
Army Organises Joint Poll Exercise For Security Agencies,,2015-03-24,http://leadership.ng/news/419844/army-organises-joint-poll-exercise-for-security-agencies,https://web.archive.org/web/20150330030844/http://leadership.ng/news/419844/army-organises-joint-poll-exercise-for-security-agencies,2015-03-30T03:08:44,Nigeria,NigeriaLeadership,Leadership,8f96e06a-1bfa-47a4-b05f-e6360770aca4
Army's Weapon More Sophisticated Than Boko Haram's - COAS,,2014-09-14,http://allafrica.com/stories/201409151635.html,No archive available,,Nigeria,NigeriaLeadership,Leadership,8f96e06a-1bfa-47a4-b05f-e6360770aca4
Ejection - Cross River Government Drags FG to Court,,2007-10-16,http://allafrica.com/stories/200710160364.html,No archive available,,Nigeria,NigeriaLeadership,Leadership,8f96e06a-1bfa-47a4-b05f-e6360770aca4
Emergency Rule - Economic Activities Grounded in Three States,,2013-05-17,http://www.leadership.ng/news/170513/emergency-rule-economic-activities-grounded-3-states,https://web.archive.org/web/20130609170713/http://www.leadership.ng/news/170513/emergency-rule-economic-activities-grounded-3-states,2013-06-09T17:07:13,Nigeria,NigeriaLeadership,Leadership,8f96e06a-1bfa-47a4-b05f-e6360770aca4
FG Deploys Soldiers in Nasarawa,,2013-09-19,http://leadership.ng/news/327056/fg-deploys-soldiers-nasarawa,https://web.archive.org/web/20150323114317/http://leadership.ng/news/327056/fg-deploys-soldiers-nasarawa,2015-03-23T11:43:17,Nigeria,NigeriaLeadership,Leadership,8f96e06a-1bfa-47a4-b05f-e6360770aca4
Four Soldiers Killed As Boko Haram Attacks Borno Village,,2013-10-28,http://allafrica.com/stories/201310280190.html,No archive available,,Nigeria,NigeriaLeadership,Leadership,8f96e06a-1bfa-47a4-b05f-e6360770aca4
Insurgents Seize the Gulak Village,,2014-09-06,http://allafrica.com/stories/201409081607.html,https://web.archive.org/20140910023230/http://allafrica.com/stories/201409081607.html,2014-09-10T02:32:30,Nigeria,NigeriaLeadership,Leadership,8f96e06a-1bfa-47a4-b05f-e6360770aca4
Jonathan Sacks GOCs,,2010-09-25,http://allafrica.com/stories/201009270992.html,No archive available,,Nigeria,NigeriaLeadership,Leadership,8f96e06a-1bfa-47a4-b05f-e6360770aca4
Major Shakeup in Army - COAS Redeploys 317 Officers,,2013-01-29,http://allafrica.com/stories/201301290161.html,https://web.archive.org/20131002160911/http://allafrica.com/stories/201301290161.html,2013-10-02T16:09:11,Nigeria,NigeriaLeadership,Leadership,8f96e06a-1bfa-47a4-b05f-e6360770aca4
NSCIA to Boko Haram - Stop Spilling Blood,,2013-05-09,http://leadership.ng/news/336592/nscia-boko-haram-stop-spilling-blood,https://web.archive.org/web/20150308034431/http://leadership.ng/news/336592/nscia-boko-haram-stop-spilling-blood,2015-03-08T03:44:31,Nigeria,NigeriaLeadership,Leadership,8f96e06a-1bfa-47a4-b05f-e6360770aca4
Sultan Dasuki - How to End Bloodshed in the Country,,2012-02-07,http://allafrica.com/stories/201202071224.html,No archive available,,Nigeria,NigeriaLeadership,Leadership,8f96e06a-1bfa-47a4-b05f-e6360770aca4
‘We Arrested Many Boko Haram Suspects In Lagos’,,2015-08-11,http://leadership.ng/news/453096/we-arrested-many-boko-haram-suspects-in-lagos,https://web.archive.org/web/20151217225433/http://leadership.ng/news/453096/we-arrested-many-boko-haram-suspects-in-lagos,2015-12-17T22:54:33,Nigeria,NigeriaLeadership,Leadership,8f96e06a-1bfa-47a4-b05f-e6360770aca4
"Army kill 35 bandits, arrest 39 in North West -- GOC",,2016-03-18,http://nannewsnigeria.com/army-kill-35-bandits-arrest-39-north-west-goc,https://web.archive.org/web/20160411192642/http://nannewsnigeria.com/army-kill-35-bandits-arrest-39-north-west-goc,2016-04-11T19:26:42,Nigeria,NigeriaNews Agency of Nigeria,News Agency of Nigeria,30b475c0-e8db-408b-b2a0-e3ea93241edb
"Jonathan sacks Onovo, Dike, service chiefs",,2010-09-09,http://www.gbooza.com/group/crime/forum/topics/jonathan-sacks-onovo-dike,No archive available,,Nigeria,NigeriaNigeria Crime News,Nigeria Crime News,2669abf4-1929-410a-8094-ef676224054e
Tactical Air Command,,2013-10-29,http://www.nigerianairforce.net/NAFStructure/TAC.aspx,https://web.archive.org/web/20131029225403/http://www.nigerianairforce.net/NAFStructure/TAC.aspx,2013-10-29T22:54:03,Nigeria,NigeriaNigerian Air Force,Nigerian Air Force,1edcfb98-6e58-4e45-8246-0d33ef3a0158
LT GEN OA IHEJIRIKA,,,http://army.mil.ng/LT%20Gen%20OA%20Ihejirika.html,https://web.archive.org/web/20150721220335/http://army.mil.ng/LT%20Gen%20OA%20Ihejirika.html,2015-07-21T22:03:35,Nigeria,NigeriaNigerian Army,Nigerian Army,0a15e4a0-56bf-440d-bc1a-44a444700ac8
NIGERIAN ARMY CHRONICLE OF COMMAND,,,http://army.mil.ng/Chronicle%20of%20Command.html,https://web.archive.org/web/20150721222815/http://army.mil.ng/Chronicle%20of%20Command.html,2015-07-21T22:28:15,Nigeria,NigeriaNigerian Army,Nigerian Army,0a15e4a0-56bf-440d-bc1a-44a444700ac8
Nigerian Army 1 Division.,,,http://army.mil.ng/Nigerian%20Army%20-%201%20Division.htm,https://web.archive.org/web/20140307233938/http://army.mil.ng:80/Nigerian%20Army%20-%201%20Division.htm,2014-03-07T23:39:38,Nigeria,NigeriaNigerian Army,Nigerian Army,0a15e4a0-56bf-440d-bc1a-44a444700ac8
Nigerian Army | 7 Division,,,http://army.mil.ng/Nigerian%20Army%20-%207%20%20Division.html,https://web.archive.org/web/20150402101528/http://army.mil.ng/Nigerian%20Army%20-%207%20%20Division.html,2015-04-02T10:15:28,Nigeria,NigeriaNigerian Army,Nigerian Army,0a15e4a0-56bf-440d-bc1a-44a444700ac8
Nigerian Army | 81 Division,,,http://army.mil.ng/Nigerian%20Army%20-%2081%20%20Division.html,https://web.archive.org/web/20150721223312/http://army.mil.ng/Nigerian%20Army%20-%2081%20%20Division.html,2015-07-21T22:33:12,Nigeria,NigeriaNigerian Army,Nigerian Army,0a15e4a0-56bf-440d-bc1a-44a444700ac8
SOUTH EAST GOVERNORS EXTOL ARMY FOR MAKING REGION INVESTORS’ SAFE HAVEN,,2016-03-01,http://www.army.mil.ng/south-east-governors-extol-army-for-making-region-investors-safe-haven/,https://web.archive.org/web/20171129125029/http://www.army.mil.ng/south-east-governors-extol-army-for-making-region-investors-safe-haven/,2017-11-29T12:50:29,Nigeria,NigeriaNigerian Army,Nigerian Army,0a15e4a0-56bf-440d-bc1a-44a444700ac8
Akeredolu Laments Rise In Kidnap Cases,,2017-07-26,https://www.pmnewsnigeria.com/2017/07/26/akeredolu-laments-rise-kidnap-cases/,https://web.archive.org/web/20170727013019/https://www.pmnewsnigeria.com/2017/07/26/akeredolu-laments-rise-kidnap-cases/,2017-07-27T01:30:19,Nigeria,NigeriaPM News,P.M. News,4d3e2ef3-26b4-4a14-ae83-ee3302c2adbe
Army Explains Role Of New Division In Niger Delta,,2016-11-19,https://www.pmnewsnigeria.com/2016/11/19/army-explains-role-of-new-division-in-niger-delta/,https://web.archive.org/web/20161120144150/https://www.pmnewsnigeria.com/2016/11/19/army-explains-role-of-new-division-in-niger-delta/,2016-11-20T14:41:50,Nigeria,NigeriaPM News,P.M. News,4d3e2ef3-26b4-4a14-ae83-ee3302c2adbe
Defence HQ Launch Skills Acquisition In Barracks,,2011-03-08,https://www.pmnewsnigeria.com/2011/03/08/defence-hq-launch-skills-acquisition-in-barracks/,https://web.archive.org/web/20110308182016/https://www.pmnewsnigeria.com/2011/03/08/defence-hq-launch-skills-acquisition-in-barracks/,2011-03-08T18:20:16,Nigeria,NigeriaPM News,P.M. News,4d3e2ef3-26b4-4a14-ae83-ee3302c2adbe
"35 bandits killed, 39 others arrested in North-East – Nigerian Army",,2016-03-19,http://www.premiumtimesng.com/news/top-news/200415-35-bandits-killed-39-others-arrested-north-east-nigerian-army.html,https://web.archive.org/web/20160324065014/http://www.premiumtimesng.com/news/top-news/200415-35-bandits-killed-39-others-arrested-north-east-nigerian-army.html,2016-03-24T06:50:14,Nigeria,NigeriaPremium Times,Premium Times,80936b96-33ba-406a-babe-7abd5b0391f0
"Major shake-up in Nigerian Army, 334 top officers redeployed",,2015-07-30,http://www.premiumtimesng.com/news/top-news/187482-major-shake-up-in-nigerian-army-334-top-officers-redeployed.html,https://web.archive.org/web/20160529120510/http://www.premiumtimesng.com/news/top-news/187482-major-shake-up-in-nigerian-army-334-top-officers-redeployed.html,2016-05-29T12:05:10,Nigeria,NigeriaPremium Times,Premium Times,80936b96-33ba-406a-babe-7abd5b0391f0
Army Begins Large-Scale Operation in Sambisa Forests - Commander,,2016-05-02,http://www.premiumtimesng.com/news/more-news/202752-army-begins-large-scale-operation-sambisa-forests-commander.html,https://web.archive.org/web/20160503114230/http://www.premiumtimesng.com/news/more-news/202752-army-begins-large-scale-operation-sambisa-forests-commander.html,2016-05-03T11:42:30,Nigeria,NigeriaPremium Times,Premium Times,80936b96-33ba-406a-babe-7abd5b0391f0
Army General Dies in Auto Crash,,2016-03-08,http://www.premiumtimesng.com/news/top-news/199795-nigerian-army-general-dies-auto-crash.html,https://web.archive.org/web/20160329063551/http://www.premiumtimesng.com/news/top-news/199795-nigerian-army-general-dies-auto-crash.html,2016-03-29T06:35:51,Nigeria,NigeriaPremium Times,Premium Times,80936b96-33ba-406a-babe-7abd5b0391f0
EXCLUSIVE: Nigerian Army officially declares 46 soldiers missing,,2016-11-23,https://www.premiumtimesng.com/news/headlines/216039-exclusive-nigerian-army-officially-declares-46-soldiers-missing.html,https://web.archive.org/web/20161123102341/https://www.premiumtimesng.com/news/headlines/216039-exclusive-nigerian-army-officially-declares-46-soldiers-missing.html,2016-11-23T10:23:41,Nigeria,NigeriaPremium Times,Premium Times,80936b96-33ba-406a-babe-7abd5b0391f0
Nigeria to deploy 700 soldiers for Peace Keeping Operations in Liberia- Army,,2013-09-06,https://www.premiumtimesng.com/news/144259-nigerian-deploy-700-soldiers-peace-keeping-operations-liberia-army.html,https://web.archive.org/web/20130910195411/https://www.premiumtimesng.com/news/144259-nigerian-deploy-700-soldiers-peace-keeping-operations-liberia-army.html,2013-09-10T19:54:11,Nigeria,NigeriaPremium Times,Premium Times,80936b96-33ba-406a-babe-7abd5b0391f0
Nigerian Army ends Operation Python Dance in South-East – Official,,2016-12-26,https://www.premiumtimesng.com/regional/ssouth-east/218995-nigerian-army-ends-operation-python-dance-south-east-official.html,https://web.archive.org/web/20161227033100/https://www.premiumtimesng.com/regional/ssouth-east/218995-nigerian-army-ends-operation-python-dance-south-east-official.html,2016-12-27T03:31:00,Nigeria,NigeriaPremium Times,Premium Times,80936b96-33ba-406a-babe-7abd5b0391f0
Special Report - Inside the Massive Extrajudicial Killings in Nigeria's South-East,,2016-06-08,http://www.premiumtimesng.com/investigationspecial-reports/204902-special-report-inside-massive-extrajudicial-killings-nigerias-south-east.html,https://web.archive.org/web/20160610152403/http://www.premiumtimesng.com/investigationspecial-reports/204902-special-report-inside-massive-extrajudicial-killings-nigerias-south-east.html,2016-06-10T15:24:03,Nigeria,NigeriaPremium Times,Premium Times,80936b96-33ba-406a-babe-7abd5b0391f0
Taraba violence: Nigerian Army blames politicians as Governor Ishaku denies ordering killing of Fulanis,,2017-06-25,https://www.premiumtimesng.com/news/headlines/235043-taraba-violence-nigerian-army-blames-politicians-governor-ishaku-denies-ordering-killing-fulanis.html,https://web.archive.org/web/20170625072833/https://www.premiumtimesng.com/news/headlines/235043-taraba-violence-nigerian-army-blames-politicians-governor-ishaku-denies-ordering-killing-fulanis.html,2017-06-25T07:28:33,Nigeria,NigeriaPremium Times,Premium Times,80936b96-33ba-406a-babe-7abd5b0391f0
Brigadier General Laleye takes over as APR Director,,2014-01-08,http://ww2.radionigeria.gov.ng/frnews-detail.php?ID=8118,https://web.archive.org/web/20171220190205/http://ww2.radionigeria.gov.ng/frnews-detail.php?ID=8118,2017-12-20T19:02:05,Nigeria,NigeriaRadio Nigeria,Radio Nigeria,6c9b44a1-4c71-4bff-b701-af9b8d2be13b
"Army kill Boko Haram leader, rescue nine children",,2017-06-13,https://guardian.ng/news/army-kill-boko-haram-leader-rescue-nine-children/,https://web.archive.org/web/20170613061942/https://guardian.ng/news/army-kill-boko-haram-leader-rescue-nine-children/,2017-06-13T06:19:42,Nigeria,NigeriaThe Guardian,The Guardian,966737d1-e1b8-4498-8a96-9b42eceb25d3
"Boko Haram Kills 24 Soldiers, Injures Obasanjo's Son",,2014-09-08,http://allafrica.com/stories/201409090167.html,No archive available,,Nigeria,NigeriaThe Guardian,The Guardian,966737d1-e1b8-4498-8a96-9b42eceb25d3
"MASSOB counters Buhari, sure of UN referendum on Biafra",,2015-11-18,https://guardian.ng/news/massob-counters-buhari-sure-of-un-referendum-on-biafra/,https://web.archive.org/web/20171212183851/https://guardian.ng/news/massob-counters-buhari-sure-of-un-referendum-on-biafra/,2017-12-12T18:38:51,Nigeria,NigeriaThe Guardian,The Guardian,966737d1-e1b8-4498-8a96-9b42eceb25d3
"Troops Arrest Three Boko Haram Commanders, Kill 22 Others",,2016-04-13,http://guardian.ng/news/troops-arrest-three-boko-haram-commanders-kill-22-others/,https://web.archive.org/web/20160421160915/http://guardian.ng/news/troops-arrest-three-boko-haram-commanders-kill-22-others/,2016-04-21T16:09:15,Nigeria,NigeriaThe Guardian,The Guardian,966737d1-e1b8-4498-8a96-9b42eceb25d3
"Troops Return From Cameroun, to Begin Counter-Terrorism Campaign",,2014-08-26,http://allafrica.com/stories/201408270277.html,No archive available,,Nigeria,NigeriaThe Guardian,The Guardian,966737d1-e1b8-4498-8a96-9b42eceb25d3
Herdsmen Menace: 3,,2016-01-30,http://www.ngrguardiannews.com/2016/01/herdsmen-menace-3-7-million-lives-lost-in-16-years-in-adamawa/,https://web.archive.org/web/20160131083653/http://www.ngrguardiannews.com/2016/01/herdsmen-menace-3-7-million-lives-lost-in-16-years-in-adamawa/,2016-01-31T08:36:53,Nigeria,NigeriaThe Guardian,The Guardian,966737d1-e1b8-4498-8a96-9b42eceb25d3
Military to Review Counter-Insurgency War,,2016-05-05,http://allafrica.com/stories/201605050740.html,No archive available,,Nigeria,NigeriaThe Guardian,The Guardian,966737d1-e1b8-4498-8a96-9b42eceb25d3
Owoseni replaces Aderanti as Lagos CP,,2015-07-02,http://guardian.ng/news/metro/owoseni-replaces-aderanti-as-lagos-cp/,https://web.archive.org/web/20160627144853/http://guardian.ng/news/metro/owoseni-replaces-aderanti-as-lagos-cp/,2016-06-27T14:48:53,Nigeria,NigeriaThe Guardian,The Guardian,966737d1-e1b8-4498-8a96-9b42eceb25d3
Army to provide conducive environment for officers,,2014-11-23,http://thenationonlineng.net/army-to-provide-conducive-environment-for-officers/,https://web.archive.org/web/20150930010448/http://thenationonlineng.net/army-to-provide-conducive-environment-for-officers/,2015-09-30T01:04:48,Nigeria,NigeriaThe Nation,The Nation,a8df2f4e-c4b2-4329-bf08-d6b525996d07
Military recounts troop's success in Adamawa,,2015-03-10,http://thenationonlineng.net/new/military-recounts-troops-success-in-adamawa/,https://web.archive.org/web/20150518174130/http://thenationonlineng.net/new/military-recounts-troops-success-in-adamawa/,2015-05-18T17:41:30,Nigeria,NigeriaThe Nation,The Nation,a8df2f4e-c4b2-4329-bf08-d6b525996d07
Nigeria deploys 700 soldiers to Liberia,,2015-06-26,http://thenationonlineng.net/nigeria-deploys-700-soldiers-to-liberia/,https://web.archive.org/web/20150927145213/http://thenationonlineng.net/nigeria-deploys-700-soldiers-to-liberia/,2015-09-27T14:52:13,Nigeria,NigeriaThe Nation,The Nation,a8df2f4e-c4b2-4329-bf08-d6b525996d07
Why insecurity is escalating – Buratai,,2017-08-05,http://thenationonlineng.net/insecurity-escalating-buratai/,https://web.archive.org/web/20170906155743/http://thenationonlineng.net/insecurity-escalating-buratai/,2017-09-06T15:57:43,Nigeria,NigeriaThe Nation,The Nation,a8df2f4e-c4b2-4329-bf08-d6b525996d07
"Boko Haram attacks Bama, service chiefs to visit Borno",,2017-10-01,https://punchng.com/boko-haram-attacks-bama-service-chiefs-to-visit-borno/,https://web.archive.org/web/20180806145757/https://punchng.com/boko-haram-attacks-bama-service-chiefs-to-visit-borno/,,Nigeria,NigeriaThe Punch,The Punch,fd1c5183-a370-442a-8002-e174a9d8d87a
Army redeploys 127 senior officers,,2014-02-13,http://www.punchng.com/news/army-redeploys-127-senior-officers/,https://web.archive.org/web/20150726182529/http://www.punchng.com/news/army-redeploys-127-senior-officers/,2015-07-26T18:25:29,Nigeria,NigeriaThe Punch,The Punch,fd1c5183-a370-442a-8002-e174a9d8d87a
"New GOC, others appointed as Army retires 7 generals",,2013-09-04,http://sunnewsonline.com/new/?p=37444,https://web.archive.org/web/20151129042412/http://sunnewsonline.com/new/new-goc-others-appointed-as-army-retires-7-generals/,2015-11-29T04:24:12,Nigeria,NigeriaThe Sun,The Sun,7787a9e0-eb02-4236-a491-0392404b0e64
"New Theatre Commander Ops LAFIYA DOLE, Gen Attahiru resumes",,2017-05-30,http://sunnewsonline.com/new-theatre-commander-ops-lafiya-dole-gen-attahiru-resumes/,https://web.archive.org/web/20171016145937/http://sunnewsonline.com/new-theatre-commander-ops-lafiya-dole-gen-attahiru-resumes/,2017-10-16T14:59:37,Nigeria,NigeriaThe Sun,The Sun,7787a9e0-eb02-4236-a491-0392404b0e64
Army deploys another 800 to Darfur,,2013-01-13,http://sunnewsonline.com/new/army-deploys-another-800-to-darfur/,https://web.archive.org/web/20150714030036/http://sunnewsonline.com/new/army-deploys-another-800-to-darfur/,2015-07-14T03:00:36,Nigeria,NigeriaThe Sun,The Sun,7787a9e0-eb02-4236-a491-0392404b0e64
Army moves against terrorism in Lagos,,2014-02-07,http://sunnewsonline.com/new/?p=51108,https://web.archive.org/web/20140209221915/http://sunnewsonline.com/new/national/army-moves-terrorism-lagos/,2014-02-09T22:19:15,Nigeria,NigeriaThe Sun,The Sun,7787a9e0-eb02-4236-a491-0392404b0e64
Former President Obasanjo’s Son Shot In Mubi By Boko Haram,,2014-09-08,Accessed via Lexis,No archive available (Accessed through Lexis),,Nigeria,NigeriaThe Sun,The Sun,7787a9e0-eb02-4236-a491-0392404b0e64
GOC to soldiers: Shoot Ondo poll troublemakers,,2012-10-19,http://sunnewsonline.com/new/shoot-troublemakers-goc-orders-soldiers/,https://web.archive.org/web/20150707151624/http://sunnewsonline.com/new/shoot-troublemakers-goc-orders-soldiers/,2015-07-07T15:16:24,Nigeria,NigeriaThe Sun,The Sun,7787a9e0-eb02-4236-a491-0392404b0e64
Kebbi gov. donates cash to slain soldiers’ wives,,2017-08-31,http://sunnewsonline.com/kebbi-gov-donates-cash-to-slain-soldiers-wives/,https://web.archive.org/web/20170831171939/http://sunnewsonline.com/kebbi-gov-donates-cash-to-slain-soldiers-wives/,2017-08-31T17:19:39,Nigeria,NigeriaThe Sun,The Sun,7787a9e0-eb02-4236-a491-0392404b0e64
Tambuwal Flays Poor Ranking Of Nigerian Varsities,,2015-12-09,http://www.thetidenewsonline.com/2015/12/09/tambuwal-flays-poor-ranking-of-nigerian-varsities/,https://web.archive.org/web/20171221150602/http://www.thetidenewsonline.com/2015/12/09/tambuwal-flays-poor-ranking-of-nigerian-varsities/,2017-12-21T15:06:02,Nigeria,NigeriaThe Tide,The Tide,a445d5ae-dde0-4d87-a8ae-9dd85bcfdf74
"13 Killed, 40 Injured in Bauchi Bomb Tragedy",,2011-05-30,http://www.thisdaylive.com/articles/13-killed-40-injured-in-bauchi-bomb-tragedy/92307/,https://web.archive.org/web/20151222210554/http://www.thisdaylive.com/articles/13-killed-40-injured-in-bauchi-bomb-tragedy/92307/,2015-12-22T21:05:54,Nigeria,NigeriaThis Day,This Day,a3a288a6-0200-4f87-936b-f525342f291a
"2011 - Army Will Review Operations, Says Dambazau.",,2010-05-19,http://allafrica.com/stories/201005190193.html,,,Nigeria,NigeriaThis Day,This Day,a3a288a6-0200-4f87-936b-f525342f291a
"Army Arrests 37 Boko Haram Suspects in Lagos, Ogun",,2016-11-18,https://www.thisdaylive.com/index.php/2016/11/18/army-arrests-37-boko-haram-suspects-in-lagos-ogun/,https://web.archive.org/web/20161121014209/https://www.thisdaylive.com/index.php/2016/11/18/army-arrests-37-boko-haram-suspects-in-lagos-ogun/,2016-11-21T01:42:09,Nigeria,NigeriaThis Day,This Day,a3a288a6-0200-4f87-936b-f525342f291a
"Army Pays Operational Allowances Upfront, Treats Six War Casualties Abroad'",,2014-07-26,http://allafrica.com/stories/201407281511.html,No archive available,,Nigeria,NigeriaThis Day,This Day,a3a288a6-0200-4f87-936b-f525342f291a
"Army Reconciles Warring Communities in Cross River, Ebonyi States",,2017-09-11,https://www.thisdaylive.com/index.php/2017/09/11/army-reconciles-warring-communities-in-cross-river-ebonyi-states/,https://web.archive.org/web/20170911033348/https://www.thisdaylive.com/index.php/2017/09/11/army-reconciles-warring-communities-in-cross-river-ebonyi-states/,2017-09-11T03:33:48,Nigeria,NigeriaThis Day,This Day,a3a288a6-0200-4f87-936b-f525342f291a
"Army, Navy Redeploy Senior Officers",,2014-02-13,http://www.thisdaylive.com/articles/army-navy-redeploy-senior-officers/171306/,https://web.archive.org/web/20150207223407/http://www.thisdaylive.com/articles/army-navy-redeploy-senior-officers/171306/,2015-02-07T22:34:07,Nigeria,NigeriaThis Day,This Day,a3a288a6-0200-4f87-936b-f525342f291a
"Bakassi Killings: Nigerian Soldiers Not Involved, Azazi Insists",,2007-11-16,http://www.thisdayonline.com/nview.php?id=95384,https://web.archive.org/web/20071120020138/http://www.thisdayonline.com/nview.php?id=95384,2007-11-20T02:01:38,Nigeria,NigeriaThis Day,This Day,a3a288a6-0200-4f87-936b-f525342f291a
"Boko Haram - 42 Suspects Arrested in Lagos, Ogun",,2013-07-30,http://allafrica.com/stories/201307300083.html,No archive available,,Nigeria,NigeriaThis Day,This Day,a3a288a6-0200-4f87-936b-f525342f291a
"Gunmen Kill DPO, 3 Policemen",,2012-04-30,http://www.thisdaylive.com/articles/gunmen-kill-dpo-3-policemen/114817/,https://web.archive.org/web/20120503105759/http://www.thisdaylive.com/articles/gunmen-kill-dpo-3-policemen/114817/,,Nigeria,NigeriaThis Day,This Day,a3a288a6-0200-4f87-936b-f525342f291a
"Jonathan Names New CDS, Service Chiefs",,2012-10-05,http://allafrica.com/stories/201210050526.html,https://web.archive.org/web/20121009070233/http://allafrica.com/stories/201210050526.html,2012-10-09T07:02:33,Nigeria,NigeriaThis Day,This Day,a3a288a6-0200-4f87-936b-f525342f291a
"Nigeria, UK, U",,2013-10-19,http://allafrica.com/stories/201310210376.html,No archive available,,Nigeria,NigeriaThis Day,This Day,a3a288a6-0200-4f87-936b-f525342f291a
"Rid our Forests of Criminals, Abubakar Challenges Army",,2017-08-27,https://www.thisdaylive.com/index.php/2017/08/27/rid-our-forests-of-criminals-abubakar-challenges-army/,https://web.archive.org/web/20170827191707/https://www.thisdaylive.com/index.php/2017/08/27/rid-our-forests-of-criminals-abubakar-challenges-army/,2017-08-27T19:17:07,Nigeria,NigeriaThis Day,This Day,a3a288a6-0200-4f87-936b-f525342f291a
"Terrorism... Shopping Malls, Tank Farms Under Surveillance",,2013-09-28,http://www.thisdaylive.com/articles/terrorism-shopping-malls-tank-farms-under-surveillance/160146/,https://web.archive.org/web/20130930215016/http://www.thisdaylive.com/articles/terrorism-shopping-malls-tank-farms-under-surveillance/160146/,,Nigeria,NigeriaThis Day,This Day,a3a288a6-0200-4f87-936b-f525342f291a
2015 - Army Prepares Agaist Violence,,2013-11-30,http://allafrica.com/stories/201312020385.html,No archive available,,Nigeria,NigeriaThis Day,This Day,a3a288a6-0200-4f87-936b-f525342f291a
72 Generals Redeployed in Army Shake-up,,2012-02-16,http://www.thisdaylive.com/articles/72-generals-redeployed-in-army-shake-up/109414/,https://web.archive.org/web/20120428054110/http://www.thisdaylive.com/articles/72-generals-redeployed-in-army-shake-up/109414,2012-04-28T05:41:10,Nigeria,NigeriaThis Day,This Day,a3a288a6-0200-4f87-936b-f525342f291a
Agwai Tasks Army On Professionalism,,2004-01-19,http://allafrica.com/stories/200401190521.html,No archive available,,Nigeria,NigeriaThis Day,This Day,a3a288a6-0200-4f87-936b-f525342f291a
Amnesty Committee Mulls Conditions for Boko Haram,,2013-04-09,http://allafrica.com/stories/201304090782.html,No archive available,,Nigeria,NigeriaThis Day,This Day,a3a288a6-0200-4f87-936b-f525342f291a
Army Demands Discipline From Civilian JTF,,2013-11-24,http://www.thisdaylive.com/articles/army-demands-discipline-from-civilian-jtf/165083/,https://web.archive.org/web/20131206163137/http://www.thisdaylive.com/articles/army-demands-discipline-from-civilian-jtf/165083/,2013-12-06T16:31:37,Nigeria,NigeriaThis Day,This Day,a3a288a6-0200-4f87-936b-f525342f291a
Army Pledges Continued Defence of Democracy,,2003-03-03,http://allafrica.com/stories/200303030306.html,No archive available,,Nigeria,NigeriaThis Day,This Day,a3a288a6-0200-4f87-936b-f525342f291a
Army Will Tackle Security Lapses,,2011-02-07,http://allafrica.com/stories/201102070365.html,No archive available,,Nigeria,NigeriaThis Day,This Day,a3a288a6-0200-4f87-936b-f525342f291a
Army Wraps up Military Exercise in South-east,,2017-10-16,https://www.thisdaylive.com/index.php/2017/10/16/army-wraps-up-military-exercise-in-south-east/,https://web.archive.org/web/20171016060611/https://www.thisdaylive.com/index.php/2017/10/16/army-wraps-up-military-exercise-in-south-east/,2017-10-16T06:06:11,Nigeria,NigeriaThis Day,This Day,a3a288a6-0200-4f87-936b-f525342f291a
Boko Haram - Minimah Hints of Major Army Shake Up,,2014-08-23,http://allafrica.com/stories/201408250887.html,No archive available,,Nigeria,NigeriaThis Day,This Day,a3a288a6-0200-4f87-936b-f525342f291a
Boko Haram - Nigeria Army Compensates Families of Slain Soldiers,,2012-09-16,http://allafrica.com/stories/201209170179.html,No archive available,,Nigeria,NigeriaThis Day,This Day,a3a288a6-0200-4f87-936b-f525342f291a
Custom Official's Killing - Security Operatives Arrest 30 Suspects At Seme Border,,2013-08-31,http://allafrica.com/stories/201309021179.html,No archive available,,Nigeria,NigeriaThis Day,This Day,a3a288a6-0200-4f87-936b-f525342f291a
GOC - Insurgency Will Soon End,,2015-07-27,http://allafrica.com/stories/201507270974.html,No archive available,,Nigeria,NigeriaThis Day,This Day,a3a288a6-0200-4f87-936b-f525342f291a
GOC - New Security Role Won't Overwhelm Army,,2013-09-14,http://www.thisdaylive.com/articles/goc-new-security-role-won-t-overwhelm-army/158976/,https://web.archive.org/web/20130916231734/http://www.thisdaylive.com/articles/goc-new-security-role-won-t-overwhelm-army/158976,2013-09-16T23:17:34,Nigeria,NigeriaThis Day,This Day,a3a288a6-0200-4f87-936b-f525342f291a
GOC: New Security Role Won’t Overwhelm Army,,2013-09-14,http://www.thisdaylive.com:80/articles/goc-new-security-role-won-t-overwhelm-army/158976,https://web.archive.org/web/20130916231734/http://www.thisdaylive.com:80/articles/goc-new-security-role-won-t-overwhelm-army/158976,,Nigeria,NigeriaThis Day,This Day,a3a288a6-0200-4f87-936b-f525342f291a
Governor Seeks Military Assistance On Porous Borders,,2002-03-12,http://allafrica.com/stories/200203120077.html,No archive available,,Nigeria,NigeriaThis Day,This Day,a3a288a6-0200-4f87-936b-f525342f291a
I'll Tackle Jos Crisis - New GOC,,2009-01-27,http://allafrica.com/stories/200901270079.html,No archive available,,Nigeria,NigeriaThis Day,This Day,a3a288a6-0200-4f87-936b-f525342f291a
Internal Security - Army Modifies Training to Tackle Terrorism,,2011-06-22,http://allafrica.com/stories/201106230423.html,No archive available,,Nigeria,NigeriaThis Day,This Day,a3a288a6-0200-4f87-936b-f525342f291a
Jonathan Charges Service Chiefs to Crush Boko Haram Insurgents,,2014-02-06,http://www.thisdaylive.com/articles/jonathan-charges-service-chiefs-to-crush-boko-haram-insurgents/170746/,No archive available,,Nigeria,NigeriaThis Day,This Day,a3a288a6-0200-4f87-936b-f525342f291a
Military Intensifies Campaign Against Insurgents' Stronghold,,2013-05-18,http://allafrica.com/stories/201305200283.html,No archive available,,Nigeria,NigeriaThis Day,This Day,a3a288a6-0200-4f87-936b-f525342f291a
Military Nabs Another Wanted Boko Haram Terrorist,,2015-11-10,http://allafrica.com/stories/201511100644.html,No archive available,,Nigeria,NigeriaThis Day,This Day,a3a288a6-0200-4f87-936b-f525342f291a
Military Recaptures Bama As More Insurgents Are Killed in Adamawa,,2015-03-11,http://www.thisdaylive.com/articles/military-recaptures-bama-as-more-insurgents-are-killed-in-adamawa/203836/,https://web.archive.org/web/20150330042016/http://www.thisdaylive.com/articles/military-recaptures-bama-as-more-insurgents-are-killed-in-adamawa/203836/,2015-03-30T04:20:16,Nigeria,NigeriaThis Day,This Day,a3a288a6-0200-4f87-936b-f525342f291a
Mutiny - 'Court Action Negates Rule of Law',,2009-01-14,http://allafrica.com/stories/200901150313.html,No archive available,,Nigeria,NigeriaThis Day,This Day,a3a288a6-0200-4f87-936b-f525342f291a
Nigerian Soldiers Depart for Sudan,,2005-07-01,http://allafrica.com/stories/200507010391.html,No archive available,,Nigeria,NigeriaThis Day,This Day,a3a288a6-0200-4f87-936b-f525342f291a
Ogomudia Commissions Retired Soldiers' Houses,,2002-06-04,http://allafrica.com/stories/200206040539.html,No archive available,,Nigeria,NigeriaThis Day,This Day,a3a288a6-0200-4f87-936b-f525342f291a
Ozuah - Police Keep Mum On Fate of Culprits,,2013-02-11,http://allafrica.com/stories/201302110492.html,No archive available,,Nigeria,NigeriaThis Day,This Day,a3a288a6-0200-4f87-936b-f525342f291a
Saraki: Let's Avoid Military Take-Over Again,,2005-07-26,http://allafrica.com/stories/200507260804.html,No archive available,,Nigeria,NigeriaThis Day,This Day,a3a288a6-0200-4f87-936b-f525342f291a
Security Challenges: GOC Organises Training for Army Formations,,2017-02-21,https://www.thisdaylive.com/index.php/2017/02/21/security-challenges-goc-organises-training-for-army-formations/,https://web.archive.org/web/20170405042700/https://www.thisdaylive.com/index.php/2017/02/21/security-challenges-goc-organises-training-for-army-formations/,2017-04-05T04:27:00,Nigeria,NigeriaThis Day,This Day,a3a288a6-0200-4f87-936b-f525342f291a
Shoot-Out in Maiduguri as Soldiers Battle Fanatics,,2009-07-29,http://allafrica.com/stories/200907290137.html,No archive available,,Nigeria,NigeriaThis Day,This Day,a3a288a6-0200-4f87-936b-f525342f291a
Sierra-Leone: 'Troops 'Ll Not Be Replaced',,2004-12-16,http://allafrica.com/stories/200412160303.html,No archive available,,Nigeria,NigeriaThis Day,This Day,a3a288a6-0200-4f87-936b-f525342f291a
Soldier Dismissed for Dubious Enlistment,,2003-08-22,http://allafrica.com/stories/200308220159.html,No archive available,,Nigeria,NigeriaThis Day,This Day,a3a288a6-0200-4f87-936b-f525342f291a
Soldiers Nab Vandals at Atlas Cove Depot,,2009-09-17,http://allafrica.com/stories/200909170138.html,No archive available,,Nigeria,NigeriaThis Day,This Day,a3a288a6-0200-4f87-936b-f525342f291a
Soldiers Reprimanded for Role in Liberia,,2007-09-01,http://allafrica.com/stories/200709030381.html,No archive available,,Nigeria,NigeriaThis Day,This Day,a3a288a6-0200-4f87-936b-f525342f291a
UN to Accredit Nigerian Army Peacekeeping Centre,,2009-10-13,http://allafrica.com/stories/200910140246.html,No archive available,,Nigeria,NigeriaThis Day,This Day,a3a288a6-0200-4f87-936b-f525342f291a
Yar'Adua - Army Restricts Movement of Soldiers,,2010-01-26,http://allafrica.com/stories/201001260725.html,No archive available,,Nigeria,NigeriaThis Day,This Day,a3a288a6-0200-4f87-936b-f525342f291a
"23 cultists, 15 vandals in trouble",,2018-04-21,https://www.vanguardngr.com/2018/04/23-cultists-15-vandals-trouble/,https://web.archive.org/web/20180826000551/https://www.vanguardngr.com/2018/04/23-cultists-15-vandals-trouble/,,Nigeria,NigeriaVanguard,Vanguard,33dae0fb-dbca-4d74-8e52-032b7c337789
"3 killed, one arrested as JTF, terrorists clash in Damaturu",,2012-07-02,http://www.vanguardngr.com/2012/07/3-killed-one-arrested-as-jtf-terrorists-clash-in-damaturu/,https://web.archive.org/web/20120702074843/http://www.vanguardngr.com/2012/07/3-killed-one-arrested-as-jtf-terrorists-clash-in-damaturu/,2012-07-02T07:48:43,Nigeria,NigeriaVanguard,Vanguard,33dae0fb-dbca-4d74-8e52-032b7c337789
"3 soldiers, 2 civilian JTF members killed by Boko Haram in shootout in Borno",,2018-03-19,https://www.vanguardngr.com/2018/04/976883/,https://web.archive.org/web/20180803155323/https://www.vanguardngr.com/2018/04/976883/,,Nigeria,NigeriaVanguard,Vanguard,33dae0fb-dbca-4d74-8e52-032b7c337789
"48 Killed in Fresh Borno Attacks, Chibok Schoolgirls Sighted in Chad",,2014-05-22,http://www.vanguardngr.com/2014/05/48-killed-fresh-borno-attacks/,https://web.archive.org/web/20140522030848/http://www.vanguardngr.com/2014/05/48-killed-fresh-borno-attacks/,2014-05-22T03:08:48,Nigeria,NigeriaVanguard,Vanguard,33dae0fb-dbca-4d74-8e52-032b7c337789
"After Borno, Yobe Massacre - B-Haram Strikes in Adamawa, Kills 14",,2014-02-28,http://www.vanguardngr.com/2014/02/borno-yobe-massacre-b-haram-strikes-adamawa-kills-14/,https://web.archive.org/web/20150407113216/http://www.vanguardngr.com/2014/02/borno-yobe-massacre-b-haram-strikes-adamawa-kills-14/,2015-04-07T11:32:16,Nigeria,NigeriaVanguard,Vanguard,33dae0fb-dbca-4d74-8e52-032b7c337789
"Army captures Alagarno, Boko Haram `spiritual power base’",,2016-03-30,http://www.vanguardngr.com/2016/03/army-captures-alagarno-boko-haram-spiritual-power-base/,https://web.archive.org/web/20160330230355/http://www.vanguardngr.com/2016/03/army-captures-alagarno-boko-haram-spiritual-power-base/,2016-03-30T23:03:55,Nigeria,NigeriaVanguard,Vanguard,33dae0fb-dbca-4d74-8e52-032b7c337789
"Army to Boko Haram: Surrender arms, embrace FG amnesty offer",,2018-03-29,https://www.vanguardngr.com/2018/03/army-boko-haram-surrender-arms-embrace-fg-amnesty-offer/,https://web.archive.org/web/20180917184640/https://www.vanguardngr.com/2018/03/army-boko-haram-surrender-arms-embrace-fg-amnesty-offer/,,Nigeria,NigeriaVanguard,Vanguard,33dae0fb-dbca-4d74-8e52-032b7c337789
"Army, Airforce Move Into Jos",,2011-09-14,http://www.vanguardngr.com/2011/09/army-airforce-move-into-jos/,https://web.archive.org/web/20110914090317/http://www.vanguardngr.com/2011/09/army-airforce-move-into-jos/,2011-09-14T09:03:17,Nigeria,NigeriaVanguard,Vanguard,33dae0fb-dbca-4d74-8e52-032b7c337789
"Benue, Enugu Killings: Islamic group reacts, says blaming Fulani herdsmen “absurd”",,2016-05-01,https://www.vanguardngr.com/2016/05/benue-enugu-killings-islamic-group-reacts-says-blaming-fulani-herdsmen-absurd/,https://web.archive.org/web/20160706124247/http://www.vanguardngr.com:80/2016/05/benue-enugu-killings-islamic-group-reacts-says-blaming-fulani-herdsmen-absurd/,2016-07-06T12:42:47,Nigeria,NigeriaVanguard,Vanguard,33dae0fb-dbca-4d74-8e52-032b7c337789
"Boko Haram in Four-Hour Reign of Terror, Kills 35 in Yobe",,2014-05-28,http://www.vanguardngr.com/2014/05/boko-haram-four-hour-reign-terror-kills-35-yobe/,https://web.archive.org/web/20150111171221/http://www.vanguardngr.com/2014/05/boko-haram-four-hour-reign-terror-kills-35-yobe/,2015-01-11T17:12:21,Nigeria,NigeriaVanguard,Vanguard,33dae0fb-dbca-4d74-8e52-032b7c337789
"Dickson receives Buratai, urges him to help make Bayelsa foremost tourist, economic hub",,2018-03-05,https://www.vanguardngr.com/2018/03/dickson-receives-buratai-urges-him-to-help-make-bayelsa-foremost-tourist-economic-hub/,https://web.archive.org/web/20180826001033/https://www.vanguardngr.com/2018/03/dickson-receives-buratai-urges-him-to-help-make-bayelsa-foremost-tourist-economic-hub/,,Nigeria,NigeriaVanguard,Vanguard,33dae0fb-dbca-4d74-8e52-032b7c337789
"Lagos, 20 other states get new Police Commissioners",,2014-09-08,http://www.vanguardngr.com/2014/09/lagos-20-states-get-new-command-police-commissioners/,https://web.archive.org/web/20160623162449/http://www.vanguardngr.com/2014/09/lagos-20-states-get-new-command-police-commissioners/,2016-06-23T16:24:49,Nigeria,NigeriaVanguard,Vanguard,33dae0fb-dbca-4d74-8e52-032b7c337789
"Military Can Tackle Internal Security Challenges, Says GOC",,2011-11-14,http://www.vanguardngr.com/2011/11/military-can-tackle-internal-security-challenges-says-goc/,https://web.archive.org/web/20111114210944/http://www.vanguardngr.com/2011/11/military-can-tackle-internal-security-challenges-says-goc/,2011-11-14T21:09:44,Nigeria,NigeriaVanguard,Vanguard,33dae0fb-dbca-4d74-8e52-032b7c337789
"No going back, fight to finish, Buratai charges troops",,2018-07-19,https://www.vanguardngr.com/2018/07/no-going-back-fight-to-finish-buratai-charges-troops/,https://web.archive.org/web/20180809184246/https://www.vanguardngr.com/2018/07/no-going-back-fight-to-finish-buratai-charges-troops/,,Nigeria,NigeriaVanguard,Vanguard,33dae0fb-dbca-4d74-8e52-032b7c337789
"Ops Python Dance 2: GOC 82 Div tours IPOB leader, Nnamdi Kanu’s home town",,2017-09-13,https://www.vanguardngr.com/2017/09/ops-python-dance-2-goc-82-div-tours-ipob-leader-nnamdi-kanus-home-town/,https://web.archive.org/web/20170914203506/https://www.vanguardngr.com/2017/09/ops-python-dance-2-goc-82-div-tours-ipob-leader-nnamdi-kanus-home-town/,2017-09-14T20:35:06,Nigeria,NigeriaVanguard,Vanguard,33dae0fb-dbca-4d74-8e52-032b7c337789
"PDP's Perfected Plot to Rig Polls, Alleges Oshiomhole",,2015-02-26,http://www.vanguardngr.com/2015/02/pdps-perfected-plot-to-rig-polls-alleges-oshiomhole/,https://web.archive.org/web/20150316111955/http://www.vanguardngr.com/2015/02/pdps-perfected-plot-to-rig-polls-alleges-oshiomhole/,2015-03-16T11:19:55,Nigeria,NigeriaVanguard,Vanguard,33dae0fb-dbca-4d74-8e52-032b7c337789
"Police Arrest Suspected Militant, Chief, Over Patani Invasion",,2007-08-17,http://allafrica.com/stories/200708170127.html,No archive available,,Nigeria,NigeriaVanguard,Vanguard,33dae0fb-dbca-4d74-8e52-032b7c337789
"Presidency Moves to Avert Attacks on Mosques, Churches During Sallah",,2012-08-18,http://www.vanguardngr.com/2012/08/presidency-moves-to-avert-attacks-on-mosques-churches-during-sallah/,https://web.archive.org/web/20121022051043/http://www.vanguardngr.com/2012/08/presidency-moves-to-avert-attacks-on-mosques-churches-during-sallah/,2012-10-22T05:10:43,Nigeria,NigeriaVanguard,Vanguard,33dae0fb-dbca-4d74-8e52-032b7c337789
"Soldiers celebrate Christmas in Gwoza, Buni Yadi",,2017-12-26,https://www.vanguardngr.com/2017/12/soldiers-celebrate-christmas-gwoza-buni-yadi/,https://web.archive.org/web/20180826005301/https://www.vanguardngr.com/2017/12/soldiers-celebrate-christmas-gwoza-buni-yadi/,,Nigeria,NigeriaVanguard,Vanguard,33dae0fb-dbca-4d74-8e52-032b7c337789
"Troops destroys Boko Haram IED factory, rescues hostages in Borno",,2018-04-24,https://www.vanguardngr.com/2018/04/troops-destroys-boko-haram-ied-factory-rescues-hostages-borno/,https://web.archive.org/web/20180808190838/https://www.vanguardngr.com/2018/04/troops-destroys-boko-haram-ied-factory-rescues-hostages-borno/,,Nigeria,NigeriaVanguard,Vanguard,33dae0fb-dbca-4d74-8e52-032b7c337789
"Troops kill 4, arrest 9 militiamen in Bauchi State",,2018-03-18,https://www.vanguardngr.com/2018/03/troops-kill-4-arrest-9-militiamen-bauchi-state/,https://web.archive.org/web/20180731125442/https://www.vanguardngr.com/2018/03/troops-kill-4-arrest-9-militiamen-bauchi-state/,,Nigeria,NigeriaVanguard,Vanguard,33dae0fb-dbca-4d74-8e52-032b7c337789
"Troops kill 4, arrest 9 militiamen in Bauchi State",,2018-03-19,https://www.vanguardngr.com/2018/03/troops-kill-4-arrest-9-militiamen-bauchi-state-2/,https://web.archive.org/web/20180803155317/https://www.vanguardngr.com/2018/03/troops-kill-4-arrest-9-militiamen-bauchi-state-2/,,Nigeria,NigeriaVanguard,Vanguard,33dae0fb-dbca-4d74-8e52-032b7c337789
"Troops kill many bandits, arrest Boko Haram logistics supplier in Kaduna",,2018-06-09,https://www.vanguardngr.com/2018/06/army-kill-many-bandits-kaduna-arrest-boko-haram-logistics-supplier/,https://web.archive.org/web/20180806153615/https://www.vanguardngr.com/2018/06/army-kill-many-bandits-kaduna-arrest-boko-haram-logistics-supplier/,,Nigeria,NigeriaVanguard,Vanguard,33dae0fb-dbca-4d74-8e52-032b7c337789
"We'll Checkmate Militants' Activities, Says Army Boss",,2009-10-02,http://allafrica.com/stories/200910020858.html,No archive available,,Nigeria,NigeriaVanguard,Vanguard,33dae0fb-dbca-4d74-8e52-032b7c337789
95 generals moved in fresh Army shake-up,,2015-07-30,http://www.vanguardngr.com/2015/07/95-generals-moved-in-fresh-army-shake-up/,https://web.archive.org/web/20150810054418/http://www.vanguardngr.com/2015/07/95-generals-moved-in-fresh-army-shake-up/,2015-08-10T05:44:18,Nigeria,NigeriaVanguard,Vanguard,33dae0fb-dbca-4d74-8e52-032b7c337789
Army Gets Gun-Boats to Figth Oil Theft in Niger,,2013-08-23,http://allafrica.com/stories/201308260563.html,No archive available,,Nigeria,NigeriaVanguard,Vanguard,33dae0fb-dbca-4d74-8e52-032b7c337789
Army begins fitness competition in C-River,,2017-08-01,https://www.vanguardngr.com/2017/08/army-begins-fitness-competition-c-river/,https://web.archive.org/web/20180731154744/https://www.vanguardngr.com/2017/08/army-begins-fitness-competition-c-river/,,Nigeria,NigeriaVanguard,Vanguard,33dae0fb-dbca-4d74-8e52-032b7c337789
Army competition: Woman emerges best shooter,,2018-05-03,https://www.vanguardngr.com/2018/05/soldiers-competition-woman-emerges-best-shooter/,,,Nigeria,NigeriaVanguard,Vanguard,33dae0fb-dbca-4d74-8e52-032b7c337789
Army is combat-ready for terrorists – COAS,,2012-05-27,http://www.vanguardngr.com/2012/05/army-is-combat-ready-for-terrorists-coas/,https://web.archive.org/web/20121121055226/http://www.vanguardngr.com/2012/05/army-is-combat-ready-for-terrorists-coas/,2012-11-21T05:52:26,Nigeria,NigeriaVanguard,Vanguard,33dae0fb-dbca-4d74-8e52-032b7c337789
Army troops arrest suspected kidnappers in Kaduna,,2018-04-24,https://www.vanguardngr.com/2018/04/army-troops-arrest-suspected-kidnappers-kaduna/,https://web.archive.org/web/20180809183826/https://www.vanguardngr.com/2018/04/army-troops-arrest-suspected-kidnappers-kaduna/,,Nigeria,NigeriaVanguard,Vanguard,33dae0fb-dbca-4d74-8e52-032b7c337789
Boko Haram - Massive Shake-Up in the Army,,2012-02-16,http://www.vanguardngr.com/2012/02/boko-haram-massive-shake-up-in-the-army/,https://web.archive.org/web/20120713054411/http://www.vanguardngr.com/2012/02/boko-haram-massive-shake-up-in-the-army/?,2012-07-13T05:44:11,Nigeria,NigeriaVanguard,Vanguard,33dae0fb-dbca-4d74-8e52-032b7c337789
Boko Haram - New Dawn in Winning the War On Terror,,2014-10-01,http://www.vanguardngr.com/2014/10/boko-haram-new-dawn-winning-war-terror/,https://web.archive.org/web/20141002043100/http://www.vanguardngr.com/2014/10/boko-haram-new-dawn-winning-war-terror/,2014-10-02T04:31:00,Nigeria,NigeriaVanguard,Vanguard,33dae0fb-dbca-4d74-8e52-032b7c337789
Boko Haram Attacks Possible in Ogun - Army Chief,,2014-04-04,http://www.vanguardngr.com/2014/04/boko-haram-attacks-possible-ogun-army-chief/,https://web.archive.org/web/20140404042742/http://www.vanguardngr.com/2014/04/boko-haram-attacks-possible-ogun-army-chief/,2014-04-04T04:27:42,Nigeria,NigeriaVanguard,Vanguard,33dae0fb-dbca-4d74-8e52-032b7c337789
Boko Haram Will Soon Be Contained - GOC,,2012-07-02,http://www.vanguardngr.com/2012/07/boko-haram-ll-soon-be-contained-goc/,https://web.archive.org/web/20120702163833/http://www.vanguardngr.com/2012/07/boko-haram-ll-soon-be-contained-goc/,2012-07-02T16:38:33,Nigeria,NigeriaVanguard,Vanguard,33dae0fb-dbca-4d74-8e52-032b7c337789
Boko Haram: Nigerian Army inducts Combat Motorbike battalion into Battle,,2016-02-28,http://www.vanguardngr.com/2016/02/614927/,https://web.archive.org/web/20160228162501/http://www.vanguardngr.com/2016/02/614927/,2016-02-28T16:25:01,Nigeria,NigeriaVanguard,Vanguard,33dae0fb-dbca-4d74-8e52-032b7c337789
Bombings: Part of failed plots to derail Jonathan’s inauguration – Security Agencies,,2011-05-31,http://www.vanguardngr.com/2011/05/bombings-part-of-failed-plots-to-derail-jonathans-inauguration-security-agencies/,https://web.archive.org/web/20110601235824/http://www.vanguardngr.com/2011/05/bombings-part-of-failed-plots-to-derail-jonathans-inauguration-security-agencies,2011-06-01T23:58:24,Nigeria,NigeriaVanguard,Vanguard,33dae0fb-dbca-4d74-8e52-032b7c337789
Buratai renames 21 Brigade as Special Forces Brigade,,2018-07-20,https://www.vanguardngr.com/2018/07/buratai-renames-21-brigade-as-special-forces-brigade/,https://web.archive.org/web/20180825200336/https://www.vanguardngr.com/2018/07/buratai-renames-21-brigade-as-special-forces-brigade/,,Nigeria,NigeriaVanguard,Vanguard,33dae0fb-dbca-4d74-8e52-032b7c337789
COAS Annual Conference Begins October in Owerri,,2004-10-13,http://allafrica.com/stories/200410130403.html,No archive available,,Nigeria,NigeriaVanguard,Vanguard,33dae0fb-dbca-4d74-8e52-032b7c337789
COAS commends Gov. Gaidam for presentation of vehicles to army,,2018-01-06,https://www.vanguardngr.com/2018/01/coas-commends-gov-gaidam-presentation-vehicles-army/,https://web.archive.org/web/20180808185128/https://www.vanguardngr.com/2018/01/coas-commends-gov-gaidam-presentation-vehicles-army/,,Nigeria,NigeriaVanguard,Vanguard,33dae0fb-dbca-4d74-8e52-032b7c337789
Chief of Army Staff vows military will end insurgency,,2015-04-30,https://www.vanguardngr.com/2015/04/chief-of-army-staff-vows-military-will-end-insurgency/,https://web.archive.org/web/20150504040329/http://www.vanguardngr.com:80/2015/04/chief-of-army-staff-vows-military-will-end-insurgency/,2015-05-04T04:03:29,Nigeria,NigeriaVanguard,Vanguard,33dae0fb-dbca-4d74-8e52-032b7c337789
Coas Promises to Transform Army,,2012-06-15,http://www.vanguardngr.com/2012/06/coas-promises-to-transform-army/,https://web.archive.org/web/20120615111201/http://www.vanguardngr.com/2012/06/coas-promises-to-transform-army/,2012-06-15T11:12:01,Nigeria,NigeriaVanguard,Vanguard,33dae0fb-dbca-4d74-8e52-032b7c337789
Country's Foreign Policy Under Yar'Adua,,2007-08-27,http://allafrica.com/stories/200708270360.html,No archive available,,Nigeria,NigeriaVanguard,Vanguard,33dae0fb-dbca-4d74-8e52-032b7c337789
Defence Chief Declares 'Red Alert' in N-Delta,,2008-01-09,http://allafrica.com/stories/200801100458.html,No archive available,,Nigeria,NigeriaVanguard,Vanguard,33dae0fb-dbca-4d74-8e52-032b7c337789
GOC 82 Div,,2016-10-28,https://www.vanguardngr.com/2016/10/goc-82-div-solicits-cooperation-security-agencies/,https://web.archive.org/web/20161102145738/http://www.vanguardngr.com:80/2016/10/goc-82-div-solicits-cooperation-security-agencies/,2016-11-02T14:57:38,Nigeria,NigeriaVanguard,Vanguard,33dae0fb-dbca-4d74-8e52-032b7c337789
Igbo Stores Closed as Peace Returns to Bauchi,,2009-02-26,http://allafrica.com/stories/200902260401.html,No archive available,,Nigeria,NigeriaVanguard,Vanguard,33dae0fb-dbca-4d74-8e52-032b7c337789
Military releases 275 suspected Boko Haram detainees,,2016-02-13,http://www.vanguardngr.com/2016/02/military-releases-275-suspected-boko-haram-detainees/,https://web.archive.org/web/20160215084235/http://www.vanguardngr.com/2016/02/military-releases-275-suspected-boko-haram-detainees/,2016-02-15T08:42:35,Nigeria,NigeriaVanguard,Vanguard,33dae0fb-dbca-4d74-8e52-032b7c337789
Mutiny - Soldiers Petition Senate,,2008-10-16,http://allafrica.com/stories/200810160169.html,,,Nigeria,NigeriaVanguard,Vanguard,33dae0fb-dbca-4d74-8e52-032b7c337789
Nigeria sends 700 soldiers to maintain peace in Liberia,,2014-03-20,http://www.vanguardngr.com/2014/03/nigeria-sends-700-soldiers-maintain-peace-liberia/,https://web.archive.org/web/20140423062529/http://www.vanguardngr.com/2014/03/nigeria-sends-700-soldiers-maintain-peace-liberia,2014-04-23T06:25:29,Nigeria,NigeriaVanguard,Vanguard,33dae0fb-dbca-4d74-8e52-032b7c337789
Security Operatives Rescue Kidnapped Chinese,,2007-06-04,http://allafrica.com/stories/200706040253.html,No archive available,,Nigeria,NigeriaVanguard,Vanguard,33dae0fb-dbca-4d74-8e52-032b7c337789
Shake-Up in Army,,2009-01-10,http://allafrica.com/stories/200901120558.html,https://web.archive.org/web/20100911084631/http://allafrica.com:80/stories/200901120558.html,2010-09-11T08:46:31,Nigeria,NigeriaVanguard,Vanguard,33dae0fb-dbca-4d74-8e52-032b7c337789
Shocking !!! Police discover 40 feet well stored with petroleum products in Lagos,,2010-07-30,http://www.vanguardngr.com/2010/07/shocking-police-discover-40-feet-well-stored-with-petroleum-products-in-lagos/,https://web.archive.org/web/20150425013441/http://www.vanguardngr.com/2010/07/shocking-police-discover-40-feet-well-stored-with-petroleum-products-in-lagos/,2015-04-25T01:34:41,Nigeria,NigeriaVanguard,Vanguard,33dae0fb-dbca-4d74-8e52-032b7c337789
Sordid Tales of Their 'Deportation' From Lagos to Onitsha,,2013-08-10,http://www.vanguardngr.com/2013/08/sordid-tales-of-their-deportation-from-lagos-to-onitsha/,https://web.archive.org/web/20140216090353/http://www.vanguardngr.com/2013/08/sordid-tales-of-their-deportation-from-lagos-to-onitsha/,2014-02-16T09:03:53,Nigeria,NigeriaVanguard,Vanguard,33dae0fb-dbca-4d74-8e52-032b7c337789
Terrorism - Army Sends GOC to Office,,2014-10-25,http://www.vanguardngr.com/2014/10/terrorism-army-sends-goc-office/,https://web.archive.org/web/20141025074749/http://www.vanguardngr.com/2014/10/terrorism-army-sends-goc-office/,2014-10-25T07:47:49,Nigeria,NigeriaVanguard,Vanguard,33dae0fb-dbca-4d74-8e52-032b7c337789
Troops nab 3 Boko Haram terrorists in Borno,,2018-03-29,https://www.vanguardngr.com/2018/03/troops-nab-3-boko-haram-terrorists-borno/,https://web.archive.org/web/20180809183436/https://www.vanguardngr.com/2018/03/troops-nab-3-boko-haram-terrorists-borno/,,Nigeria,NigeriaVanguard,Vanguard,33dae0fb-dbca-4d74-8e52-032b7c337789
Troops welfare: Army to review fees in command schools,,2016-07-22,http://www.vanguardngr.com/2016/07/troops-welfare-army-review-fees-command-schools/,https://web.archive.org/web/20160723163707/http://www.vanguardngr.com/2016/07/troops-welfare-army-review-fees-command-schools/,2016-07-23T16:37:07,Nigeria,NigeriaVanguard,Vanguard,33dae0fb-dbca-4d74-8e52-032b7c337789
Violence Mars Polls - 52 Killed,,2007-04-15,http://allafrica.com/stories/200704150009.html,No archive available,,Nigeria,NigeriaVanguard,Vanguard,33dae0fb-dbca-4d74-8e52-032b7c337789
Nigeria: Unearthing The Truth: Unlawful Killings and Mass Cover-Up in Zaria.,20,2016-04-22,https://www.amnesty.org/en/documents/afr01/3883/2016/en/,https://web.archive.org/web/20160720154100/https://www.amnesty.org/en/documents/afr01/3883/2016/en/,2016-07-20T15:41:00,United Kingdom,United KingdomAmnesty International,Amnesty International,2190a9b4-8163-47a6-8461-3157f68c3ba3
Stars on their shoulders. Blood on their hands. War crimes committed by the Nigerian military,11,2015-06-02,https://www.amnesty.org/en/documents/afr44/1657/2015/en/,https://web.archive.org/web/20150910231307/https://www.amnesty.org/en/documents/afr44/1657/2015/en/,2015-09-10T23:13:07,United Kingdom,United KingdomAmnesty International,Amnesty International,2190a9b4-8163-47a6-8461-3157f68c3ba3
Stars on their shoulders. Blood on their hands. War crimes committed by the Nigerian military,12,2015-06-02,https://www.amnesty.org/en/documents/afr44/1657/2015/en/,https://web.archive.org/web/20150910231307/https://www.amnesty.org/en/documents/afr44/1657/2015/en/,2015-09-10T23:13:07,United Kingdom,United KingdomAmnesty International,Amnesty International,2190a9b4-8163-47a6-8461-3157f68c3ba3
Army Withdraws Troops From Lagos Security Outfit,,2012-02-08,http://allafrica.com/stories/201202090963.html,No archive available,,United Kingdom,United KingdomThe Moment,The Moment,3dc08678-6dab-4ae9-ae03-49dd16373d37
"Army ""Corners"" Boko Haram Leader, Shekau, In Borno Hills-Punch Newspaper",,2013-07-26,http://saharareporters.com/2013/07/26/army-corners-boko-haram-leader-shekau-borno-hills-punch-newspaper,https://web.archive.org/web/20140808234344/http://saharareporters.com/2013/07/26/army-corners-boko-haram-leader-shekau-borno-hills-punch-newspaper,2014-08-08T23:43:44,United States of America,United States of AmericaSahara Reporters,Sahara Reporters,5b8133a3-574d-4d01-8829-2211256b5a03
BREAKING NEWS: YAr'adua Sacks Military Chiefs; Departs to Saudi Arabia for Medical Treatment,,2008-08-19,http://saharareporters.com/2008/08/19/breaking-news-yaradua-sacks-military-chiefs-departs-saudi-arabia-medical-treatment,https://web.archive.org/web/20150502185948/http://saharareporters.com/2008/08/19/breaking-news-yaradua-sacks-military-chiefs-departs-saudi-arabia-medical-treatment,2015-05-02T18:59:48,United States of America,United States of AmericaSahara Reporters,Sahara Reporters,5b8133a3-574d-4d01-8829-2211256b5a03
