source	matched_on	person:name	person:alias	person:org	person:role	person:title	person:rank
002fcbe4-503c-400d-8cc0-77a395570ade	name	Lamidi Adeosun	Adeosun;LO Adeosun;O Adeosun	7 Division	Commander	General Officer Commanding	Major General
002fcbe4-503c-400d-8cc0-77a395570ade	alias	Fatai Oladipo Alli	Fatai Alli ; F.O. Alli ; F.O.Alli ; FO Ali	3 Armoured Division	Commander	General Officer Commanding	Major General
00d9bab2-fd38-43c8-8f20-0d89570010ae	alias	Kenneth Tobia Minimah	Kenneth Minima ; KTJ Minimah ; Kenneth T.J Minimah ; Kenneth Minimah ; Keneth T.J Minimah ; Ken Minima ; Kelvin Miminah	81 Division	Commander	General Officer Commanding	Major General
017326a6-80d1-44de-ad81-a72f47318254	alias	Tukur Yusufu Buratai	Tukur Buratai;Tukur Yusuf Buratai;Yusuf Tukur Buratai;T.Y. Buratai;Tukur Y. Buratai;Yusuf Buratai;TY Buratai	Nigerian Army Headquarters	Commander	Chief of Army Staff	Lieutenant General
017326a6-80d1-44de-ad81-a72f47318254	alias	Tukur Yusufu Buratai	Tukur Buratai;Tukur Yusuf Buratai;Yusuf Tukur Buratai;T.Y. Buratai;Tukur Y. Buratai;Yusuf Buratai;TY Buratai	Nigerian Army	Commander	Chief of Army Staff	Lieutenant General
017326a6-80d1-44de-ad81-a72f47318254	alias	Adeniyi Oyabade	Adeniyi Oyebade	1 Mechanised Division	Commander	General Officer Commanding	Major General
01a93cea-4492-4554-a59c-aaad75daa2d7	name	Adamu T. Ibrahim	Adamu Ibrahim ; A. T. Ibrahim ; AT Ibrahim	82 Division	Commander	General Officer Commanding	Major General
02dba175-d2cf-4eb1-87d5-22207adb3155	alias	Azubuike Onyeabo Ihejirika	Onyeabo Azubuike Ihejirika ; Azabuike Ihejirika ; Onyeabo Ihejirika ; OA Ihejirika ; Onyeabo Azubike Ihejerika ; O. A. Ihejirika ; Onyeabor Azubuike Ihejirika ; A.O. Ihejirika ; Azubuike Ihiejirika ; Onyeabor Ihejirika ; Augustine Ihejirika ; Ihejirika	Nigerian Army Headquarters	Commander	Chief of Army Staff	Lieutenant General
02dba175-d2cf-4eb1-87d5-22207adb3155	alias	Azubuike Onyeabo Ihejirika	Onyeabo Azubuike Ihejirika ; Azabuike Ihejirika ; Onyeabo Ihejirika ; OA Ihejirika ; Onyeabo Azubike Ihejerika ; O. A. Ihejirika ; Onyeabor Azubuike Ihejirika ; A.O. Ihejirika ; Azubuike Ihiejirika ; Onyeabor Ihejirika ; Augustine Ihejirika ; Ihejirika	Nigerian Army	Commander	Chief of Army Staff	Lieutenant General
02dba175-d2cf-4eb1-87d5-22207adb3155	alias	Kenneth Tobia Minimah	Kenneth Minima ; KTJ Minimah ; Kenneth T.J Minimah ; Kenneth Minimah ; Keneth T.J Minimah ; Ken Minima ; Kelvin Miminah	81 Division	Commander	General Officer Commanding	Major General
043dfc11-fa5b-4381-8769-7763eef70a1d	alias	Ahmed Tijani Jibrin	AT Jibrin ; A. T Jibrin ; Ahmad Jibrin	2 Mechanised Division	Commander	General Officer Commanding	Major General
047b7dbf-b4e6-4848-b868-0ad63d226aa4	name	Hassan Thlama		Buni Yadi Police Division	Commander	Divisional Police Officer	Superintendent of Police
07c77b18-66b2-42dc-83be-82da10e9ceec	name	Abayomi Shogunle		Nigeria Police Force	Deputy Force Public Relations Officer	Deputy Force Public Relations Officer	Chief Superintendent of Police
07c77b18-66b2-42dc-83be-82da10e9ceec	alias	Solomon Ehigiator Arase	Solomon Arase ; Arase Ehigiator Solomon	Force Headquarters	Commander	Inspector General of Police	Inspector General of Police
07c77b18-66b2-42dc-83be-82da10e9ceec	alias	Solomon Ehigiator Arase	Solomon Arase ; Arase Ehigiator Solomon	Nigeria Police Force	Commander	Inspector General of Police	Inspector General of Police
07eb86a9-ddb5-4051-a3c5-b5b0892fabbe	alias	Tukur Yusufu Buratai	Tukur Buratai;Tukur Yusuf Buratai;Yusuf Tukur Buratai;T.Y. Buratai;Tukur Y. Buratai;Yusuf Buratai;TY Buratai	Nigerian Army Headquarters	Commander	Chief of Army Staff	Lieutenant General
07eb86a9-ddb5-4051-a3c5-b5b0892fabbe	alias	Tukur Yusufu Buratai	Tukur Buratai;Tukur Yusuf Buratai;Yusuf Tukur Buratai;T.Y. Buratai;Tukur Y. Buratai;Yusuf Buratai;TY Buratai	Nigerian Army	Commander	Chief of Army Staff	Lieutenant General
09114e09-224f-4615-aeaa-0edb8efecbe9	name	Isaac Obiakor	CI Obiakor ; Isaac	2 Mechanised Division	Commander	General Officer Commanding	Major General
0a33bba3-ef02-46e0-897c-0195d43ab626	name	MY Ibrahim	Ibrahim	7 Division	Commander	Acting General Officer Commanding	Brigadier General
0a33bba3-ef02-46e0-897c-0195d43ab626	alias	Ahmadu Mohammed	Mohammed Abdulkadir ; Abdulkadir ; A Mohammed	7 Division	Commander	General Officer Commanding	Major General
0a33bba3-ef02-46e0-897c-0195d43ab626	alias	Unsaid Bindawa	Junaid Bindawa;Bindawa;JS Bindawa;Bindawa;Unsaid Bindawa	7 Division	Commander	General Officer Commanding	Major General
0a33bba3-ef02-46e0-897c-0195d43ab626	alias	Lamidi Adeosun	Adeosun;LO Adeosun;O Adeosun	7 Division	Commander	General Officer Commanding	Major General
0a33bba3-ef02-46e0-897c-0195d43ab626	alias	Obida T. Ethnan	Obidah T. Ethan ; Obidah Ethan ; O. T. Etan ; OT Ethan	7 Division	Commander	General Officer Commanding	Major General
0aedf7c7-979a-4e31-8e21-8089f7e708f8	alias	Abdulrahman Danbazzau	AB Dambazau ; Abdulrahaman Dambazau ; AB Danabazzau ; Abuja Danbazzau	Nigerian Army Headquarters	Commander	Chief of Army Staff	Lieutenant General
0b4ea4e0-fade-4d35-b449-c36e265795d3	alias	Jack Okechukwu Nwaogbo	Jack O. Nwaogbo ; Jack Nwaogbo ; Jack Nwogbo ; Jack Nwaoga ; J. O. Nwaogbo ; Nwoga ; Okechukwu Nwaogbo	3 Armoured Division	Commander	General Officer Commanding	Major General
0c959a83-fa3a-43ba-8eda-c5bb7885c371	name	Sunday Idoko	Idoko ; Sunday O. Idoko ; S.O Idoko	3 Armoured Division	Commander	General Officer Commanding	Major General
0c959a83-fa3a-43ba-8eda-c5bb7885c371	alias	Azubuike Onyeabo Ihejirika	Onyeabo Azubuike Ihejirika ; Azabuike Ihejirika ; Onyeabo Ihejirika ; OA Ihejirika ; Onyeabo Azubike Ihejerika ; O. A. Ihejirika ; Onyeabor Azubuike Ihejirika ; A.O. Ihejirika ; Azubuike Ihiejirika ; Onyeabor Ihejirika ; Augustine Ihejirika ; Ihejirika	Nigerian Army Headquarters	Commander	Chief of Army Staff	Lieutenant General
0c959a83-fa3a-43ba-8eda-c5bb7885c371	alias	Azubuike Onyeabo Ihejirika	Onyeabo Azubuike Ihejirika ; Azabuike Ihejirika ; Onyeabo Ihejirika ; OA Ihejirika ; Onyeabo Azubike Ihejerika ; O. A. Ihejirika ; Onyeabor Azubuike Ihejirika ; A.O. Ihejirika ; Azubuike Ihiejirika ; Onyeabor Ihejirika ; Augustine Ihejirika ; Ihejirika	Nigerian Army	Commander	Chief of Army Staff	Lieutenant General
0cd93513-4e74-4e85-a347-e698f6a553c2	alias	Jack Okechukwu Nwaogbo	Jack O. Nwaogbo ; Jack Nwaogbo ; Jack Nwogbo ; Jack Nwaoga ; J. O. Nwaogbo ; Nwoga ; Okechukwu Nwaogbo	3 Armoured Division	Commander	General Officer Commanding	Major General
0d12b749-2640-414a-bda6-7b4c9f46ffaa	alias	Ebiobowei Bonna Awala	Ebobowei Bona Awala ; Ebiobowei Awala ; E.B Awala ; EB Awala	3 Armoured Division	Commander	General Officer Commanding	Major General
106bf4eb-3464-4d03-8d95-e3802a8369a1	name	Saleh Maina	S. Maina	3 Armoured Division	Commander	General Officer Commanding	Major General
1269b9a8-4391-4982-9f87-e8946788adfc	name	Adamu Baba Abubakar	Adamu Abubakar	82 Division	Commander	General Officer Commanding	Major General
131d3cca-4cf7-47ee-a873-1f0eff8d5ed1	name	Enobong Okon Udoh		6 Division	Commander	General Officer Commanding	Major General
152dda04-94ea-496c-a844-17c614fa219c	name	Ibrahim Attahiru	I. Attahiru ; I Attahiru	82 Division	Commander	General Officer Commanding	Major General
15917041-68d6-4577-893d-d100a94ac4e9	name	Kenneth Osuji	KC Osuji ; K.C Osuji	1 Mechanised Division	Commander	General Officer Commanding	Major General
15ae1b7a-984e-492b-913a-7289cd9cbf4a	alias	Ola Sa'ad Ibrahim	Ola Sa'ad Ibrahim ; Ola Ibrahim ; Ole Sa'ad Ibrahim ; Ola Ibrahim Sa'ad ; Ola Saa'ad Ibrahim	Defence Headquarters	Commander	Chief of Defence Staff	Admiral
15c50319-cc70-4cae-8116-54a336cac8f7	alias	Mohammad Danhanne Issa	Mohammed D. Isah ; Mohammed Isah ; MD Isah	82 Division	Commander	General Officer Commanding	Major General
15c50319-cc70-4cae-8116-54a336cac8f7	alias	Saleh Maina	S. Maina	3 Armoured Division	Commander	General Officer Commanding	Major General
17a7a0b4-17d8-47bf-9a00-c2c1c99c5685	name	Garba Ayodele Wahab	GA Wahab ; Garba Wahab ; Gani Wahab ; Garba A. Wahab	1 Mechanised Division	Commander	General Officer Commanding	Major General
17a7a0b4-17d8-47bf-9a00-c2c1c99c5685	alias	Mohammed Abubakar	MD Abubakar ; M.D. Abubakar ; M.D Abubakar ; MD Mohammed	2 Mechanised Division	Commander	General Officer Commanding	Major General
1abd3280-e475-4047-89ab-6f3ed1066106	name	Isiaku Dikko	I A Dikko ; Diko	3 Armoured Division	Commander	General Officer Commanding	Major General
1baf156c-948b-4c99-aad3-b079246039b8	name	Ebiobowei Bonna Awala	Ebobowei Bona Awala ; Ebiobowei Awala ; E.B Awala ; EB Awala	3 Armoured Division	Commander	General Officer Commanding	Major General
1baf156c-948b-4c99-aad3-b079246039b8	alias	John Nwaoga	John Nwoga	3 Armoured Division	Commander	General Officer Commanding	Major General
1bc14945-bb31-4975-bcd1-fdbf52baea16	alias	Oluseyin Petinrin	Oluseyi Petirin	Defence Headquarters	Commander	Chief of Defence Staff	Air Marshal
1c9c49c9-e02f-4bb2-be3d-da22c2f2e7cb	name	Edith Ozobia		Tarkwa Bay Police Division	Commander	Divisional Police Officer	Superintendent of Police
1c9c49c9-e02f-4bb2-be3d-da22c2f2e7cb	name	Olalekan Coker		Shomolu Police Division	Commander	Divisional Police Officer	Chief Superintendent of Police
1c9c49c9-e02f-4bb2-be3d-da22c2f2e7cb	name	Nwachukwu Eburaja		Shasha Police Division	Commander	Divisional Police Officer	Superintendent of Police
1c9c49c9-e02f-4bb2-be3d-da22c2f2e7cb	name	Aniefiok W. Akpan		Pen Cinema Police Division	Commander	Divisional Police Officer	Chief Superintendent of Police
1c9c49c9-e02f-4bb2-be3d-da22c2f2e7cb	name	Mohammed R. Karmal		Oworonsoki Police Division	Commander	Divisional Police Officer	Chief Superintendent of Police
1c9c49c9-e02f-4bb2-be3d-da22c2f2e7cb	name	Afolabi Ojo		Osolu Kingdom Police Division	Commander	Divisional Police Officer	Assistant Superintendent of Police
1c9c49c9-e02f-4bb2-be3d-da22c2f2e7cb	name	Sylvester O. Edet		Onipanu Police Division (Area 'H' Police Area Command)	Commander	Divisional Police Officer	Superintendent of Police
1c9c49c9-e02f-4bb2-be3d-da22c2f2e7cb	name	Williams Akintade		Oko-Oba Police Division	Commander	Divisional Police Officer	Superintendent of Police
1c9c49c9-e02f-4bb2-be3d-da22c2f2e7cb	name	Achinyan Z. Fera		Oke-Odo Police Division	Commander	Divisional Police Officer	Chief Superintendent of Police
1c9c49c9-e02f-4bb2-be3d-da22c2f2e7cb	name	Ubanga Mary		Ojokoro Police Division	Commander	Divisional Police Officer	Superintendent of Police
1c9c49c9-e02f-4bb2-be3d-da22c2f2e7cb	name	Adepoju Olugbenga		Ogudu Police Division	Commander	Divisional Police Officer	Chief Superintendent of Police
1c9c49c9-e02f-4bb2-be3d-da22c2f2e7cb	name	Eze Godwin		Ogombo Police Division	Commander	Divisional Police Officer	Chief Superintendent of Police
1c9c49c9-e02f-4bb2-be3d-da22c2f2e7cb	name	Makinde Kayode		Morogbo Police Division	Commander	Divisional Police Officer	Chief Superintendent of Police
1c9c49c9-e02f-4bb2-be3d-da22c2f2e7cb	name	Chioma Ajuwa Opara		Meiran Police Division	Commander	Divisional Police Officer	Chief Superintendent of Police
1c9c49c9-e02f-4bb2-be3d-da22c2f2e7cb	name	Johnson Adenola		Maroko Police Division	Commander	Divisional Police Officer	Chief Superintendent of Police
1c9c49c9-e02f-4bb2-be3d-da22c2f2e7cb	name	Rotimi Odutona		Langbasa Police Division	Commander	Divisional Police Officer	Superintendent of Police
1c9c49c9-e02f-4bb2-be3d-da22c2f2e7cb	name	Sanni Nufawa		Ketu Police Division	Commander	Divisional Police Officer	Chief Superintendent of Police
1c9c49c9-e02f-4bb2-be3d-da22c2f2e7cb	name	Oliver Amaechi		Isokoko Police Divsion	Commander	Divisional Police Officer	Chief Superintendent of Police
1c9c49c9-e02f-4bb2-be3d-da22c2f2e7cb	name	Angela Akaro		Isheri Police Division	Commander	Divisional Police Officer	Chief Superintendent of Police
1c9c49c9-e02f-4bb2-be3d-da22c2f2e7cb	name	Kenneth Egbo		Isheri Oshun Police Division	Commander	Divisional Police Officer	Superintendent of Police
1c9c49c9-e02f-4bb2-be3d-da22c2f2e7cb	name	Okpaleke Obisie		Ishasi Police Division	Commander	Divisional Police Officer	Superintendent of Police
1c9c49c9-e02f-4bb2-be3d-da22c2f2e7cb	name	Jubrila Onilegbale		Irede/Ikanre Police Division	Commander	Divisional Police Officer	Deputy Superintendent of Police
1c9c49c9-e02f-4bb2-be3d-da22c2f2e7cb	name	Ajewole Adebayo		Ipaja Police Division	Commander	Divisional Police Officer	Chief Superintendent of Police
1c9c49c9-e02f-4bb2-be3d-da22c2f2e7cb	name	Ekpeghere Ibe		Ilemba Hausa Police Division	Commander	Divisional Police Officer	Superintendent of Police
1c9c49c9-e02f-4bb2-be3d-da22c2f2e7cb	name	Olorunfemi Gbenga		Ilasan Police Division	Commander	Divisional Police Officer	Chief Superintendent of Police
1c9c49c9-e02f-4bb2-be3d-da22c2f2e7cb	name	Alaba Haruna Yahaya		Ikotun Police Division	Commander	Divisional Police Officer	Chief Superintendent of Police
1c9c49c9-e02f-4bb2-be3d-da22c2f2e7cb	name	Ajimuda Olatunji		Iju Police Division (Area 'G' Police Area Command Lagos State Police Command)	Commander	Divisional Police Officer	Superintendent of Police
1c9c49c9-e02f-4bb2-be3d-da22c2f2e7cb	name	Ikegwuonu Obinna		Ijanikin Police Division	Commander	Divisional Police Officer	Chief Superintendent of Police
1c9c49c9-e02f-4bb2-be3d-da22c2f2e7cb	name	Benjamin Osuji		Igando Police Division	Commander	Divisional Police Officer	Chief Superintendent of Police
1c9c49c9-e02f-4bb2-be3d-da22c2f2e7cb	name	Folorunsho Afolabi		Ifako Police Division	Commander	Divisional Police Officer	Superintendent of Police
1c9c49c9-e02f-4bb2-be3d-da22c2f2e7cb	name	Mike Ochuko Imeke		Idimu Police Division	Commander	Divisional Police Officer	Superintendent of Police
1c9c49c9-e02f-4bb2-be3d-da22c2f2e7cb	name	Vincent O. Bello		Ibese Police Division	Commander	Divisional Police Officer	Deputy Superintendent of Police
1c9c49c9-e02f-4bb2-be3d-da22c2f2e7cb	name	Titiladunyo Segun		Gowon Estate Police Division	Commander	Divisional Police Officer	Chief Superintendent of Police
1c9c49c9-e02f-4bb2-be3d-da22c2f2e7cb	name	Michael Opete		Epe Police Division	Commander	Divisional Police Officer	Chief Superintendent of Police
1c9c49c9-e02f-4bb2-be3d-da22c2f2e7cb	name	Philip Eze		Elere Police Division	Commander	Divisional Police Officer	Chief Superintendent of Police
1c9c49c9-e02f-4bb2-be3d-da22c2f2e7cb	name	John Tse		Elemoro Police Division	Commander	Divisional Police Officer	Superintendent of Police
1c9c49c9-e02f-4bb2-be3d-da22c2f2e7cb	name	Falade Michael		Dopemu Police Division	Commander	Divisional Police Officer	Chief Superintendent of Police
1c9c49c9-e02f-4bb2-be3d-da22c2f2e7cb	name	Edmund Afraimu		Bariga Police Division	Commander	Divisional Police Officer	Superintendent of Police
1c9c49c9-e02f-4bb2-be3d-da22c2f2e7cb	name	Alhassan Ibrahim		Badagry Police Division	Commander	Divisional Police Officer	Chief Superintendent of Police
1c9c49c9-e02f-4bb2-be3d-da22c2f2e7cb	name	Mohammed Lariski		Ayobo Police Division	Commander	Divisional Police Officer	Chief Superintendent of Police
1c9c49c9-e02f-4bb2-be3d-da22c2f2e7cb	name	Uzoma Nwaoha		Anthony Police Division	Commander	Divisional Police Officer	Superintendent of Police
1c9c49c9-e02f-4bb2-be3d-da22c2f2e7cb	name	Victor Onyeugo		Alapere Police Division	Commander	Divisional Police Officer	Chief Superintendent of Police
1c9c49c9-e02f-4bb2-be3d-da22c2f2e7cb	name	Adepoju A. Ilori		Alakuko Police Division	Commander	Divisional Police Officer	Chief Superintendent of Police
1c9c49c9-e02f-4bb2-be3d-da22c2f2e7cb	name	Musa Modibbo Alim		Alagbado Police Division	Commander	Divisional Police Officer	Chief Superintendent of Police
1c9c49c9-e02f-4bb2-be3d-da22c2f2e7cb	name	Uduak Udom Isaac		Alade Police Division	Commander	Divisional Police Officer	Superintendent of Police
1c9c49c9-e02f-4bb2-be3d-da22c2f2e7cb	name	Paul O. Adejumo		Akodo Police Division	Commander	Divisional Police Officer	Chief Superintendent of Police
1c9c49c9-e02f-4bb2-be3d-da22c2f2e7cb	name	Onize Lawal Isah		Ajah Police Division	Commander	Divisional Police Officer	Chief Superintendent of Police
1c9c49c9-e02f-4bb2-be3d-da22c2f2e7cb	name	Grace Eze		Abattoir Police Division	Commander	Divisional Police Officer	Superintendent of Police
1c9c49c9-e02f-4bb2-be3d-da22c2f2e7cb	alias	Mohammed Mu'Azu	Mohammed Mu’azu	Seme Police Division	Commander	Divisional Police Officer	Chief Superintendent of Police
1cd668a8-d49e-4036-a376-d5ebca3c4f80	alias	Lucky E. Erabor	Lucky Irabor	Operation Lafiya Dole	Commander	Theatre Commander	Major General
1ce0d76b-6a51-4f65-9326-e28a79605ee2	name	Sunday Idoko	Idoko ; Sunday O. Idoko ; S.O Idoko	3 Armoured Division	Commander	General Officer Commanding	Major General
1d3209c9-ee92-4bea-a676-b0011d8ce434	alias	John Zaruwa	J.S. Zaruwa ; Zaruwa ; Mohammed Zaruwa ; JS Zaruwa ; JS Zaruw	3 Armoured Division	Commander	General Officer Commanding	Major General
1e04bb27-6ab6-439c-8382-e94c29965ebb	alias	Jack Okechukwu Nwaogbo	Jack O. Nwaogbo ; Jack Nwaogbo ; Jack Nwogbo ; Jack Nwaoga ; J. O. Nwaogbo ; Nwoga ; Okechukwu Nwaogbo	3 Armoured Division	Commander	General Officer Commanding	Major General
1f6a8613-bbc2-409b-b584-e26d08b8313d	alias	Adeniyi Oyabade	Adeniyi Oyebade	1 Mechanised Division	Commander	General Officer Commanding	Major General
1f6ae567-b76c-4a32-a03b-c6794028d5a0	name	Texas Chukwu		Directorate of Army Public Relations	Commander	Director of Army Public Relations	Brigadier General
1fbf7073-00b9-4a26-aaac-f61b1fd38ccd	name	Moses Obi	MB Obi	1 Mechanised Division	Commander	General Officer Commanding	Major General
20964bcf-51b2-4a03-9ea0-c514d4662918	alias	Tukur Yusufu Buratai	Tukur Buratai;Tukur Yusuf Buratai;Yusuf Tukur Buratai;T.Y. Buratai;Tukur Y. Buratai;Yusuf Buratai;TY Buratai	Nigerian Army Headquarters	Commander	Chief of Army Staff	Lieutenant General
20964bcf-51b2-4a03-9ea0-c514d4662918	alias	Tukur Yusufu Buratai	Tukur Buratai;Tukur Yusuf Buratai;Yusuf Tukur Buratai;T.Y. Buratai;Tukur Y. Buratai;Yusuf Buratai;TY Buratai	Nigerian Army	Commander	Chief of Army Staff	Lieutenant General
213e3add-1325-4e48-b537-fa015d0a4e72	name	Tukur Yusufu Buratai	Tukur Buratai;Tukur Yusuf Buratai;Yusuf Tukur Buratai;T.Y. Buratai;Tukur Y. Buratai;Yusuf Buratai;TY Buratai	Nigerian Army Headquarters	Commander	Chief of Army Staff	Lieutenant General
213e3add-1325-4e48-b537-fa015d0a4e72	name	Tukur Yusufu Buratai	Tukur Buratai;Tukur Yusuf Buratai;Yusuf Tukur Buratai;T.Y. Buratai;Tukur Y. Buratai;Yusuf Buratai;TY Buratai	Nigerian Army	Commander	Chief of Army Staff	Lieutenant General
227ac966-eb30-432b-904c-2864b0d72861	name	H.M. Hussani		82 Division	Commander	General Officer Commanding	Colonel
23d8e3a4-9085-4bf0-9399-4f8ff24c0f79	alias	Jack Okechukwu Nwaogbo	Jack O. Nwaogbo ; Jack Nwaogbo ; Jack Nwogbo ; Jack Nwaoga ; J. O. Nwaogbo ; Nwoga ; Okechukwu Nwaogbo	3 Armoured Division	Commander	General Officer Commanding	Major General
2403f9fa-3b7c-4a5c-becc-626fe3e609b9	alias	Hassan Umoru	Hassan Umar ; Hassan Umaru ; HA Umaru ; H. Umaru ; H Umaru	Operation Lafiya Dole	Commander	Theatre Commander	Major General
24ad030d-abe7-462d-9fb1-829df7df5c68	name	Benjamin Ahanotu (3 Armoured Division)		3 Armoured Division	Commander	Acting General Officer Commanding	Brigadier General
259b700f-fd2c-422c-85e0-e5011a25c06a	alias	Adeniyi Oyabade	Adeniyi Oyebade	1 Mechanised Division	Commander	General Officer Commanding	Major General
25c08012-69c2-4e12-a85a-604f0eee0df3	alias	Azubuike Onyeabo Ihejirika	Onyeabo Azubuike Ihejirika ; Azabuike Ihejirika ; Onyeabo Ihejirika ; OA Ihejirika ; Onyeabo Azubike Ihejerika ; O. A. Ihejirika ; Onyeabor Azubuike Ihejirika ; A.O. Ihejirika ; Azubuike Ihiejirika ; Onyeabor Ihejirika ; Augustine Ihejirika ; Ihejirika	81 Division	Commander	General Officer Commanding	Major General
25c08012-69c2-4e12-a85a-604f0eee0df3	alias	Samaila Iliya	S Iliya	81 Division	Commander	General Officer Commanding	Major General
25c08012-69c2-4e12-a85a-604f0eee0df3	alias	Tanko Abdu	TN Abdu	81 Division	Commander	General Officer Commanding	Brigadier General
2671af60-5258-47fc-a314-a413256ddf72	alias	Tukur Yusufu Buratai	Tukur Buratai;Tukur Yusuf Buratai;Yusuf Tukur Buratai;T.Y. Buratai;Tukur Y. Buratai;Yusuf Buratai;TY Buratai	Nigerian Army Headquarters	Commander	Chief of Army Staff	Lieutenant General
2671af60-5258-47fc-a314-a413256ddf72	alias	Tukur Yusufu Buratai	Tukur Buratai;Tukur Yusuf Buratai;Yusuf Tukur Buratai;T.Y. Buratai;Tukur Y. Buratai;Yusuf Buratai;TY Buratai	Nigerian Army	Commander	Chief of Army Staff	Lieutenant General
267c3d00-7421-46c7-9cea-0115b284ae20	alias	Tukur Yusufu Buratai	Tukur Buratai;Tukur Yusuf Buratai;Yusuf Tukur Buratai;T.Y. Buratai;Tukur Y. Buratai;Yusuf Buratai;TY Buratai	Nigerian Army Headquarters	Commander	Chief of Army Staff	Lieutenant General
267c3d00-7421-46c7-9cea-0115b284ae20	alias	Tukur Yusufu Buratai	Tukur Buratai;Tukur Yusuf Buratai;Yusuf Tukur Buratai;T.Y. Buratai;Tukur Y. Buratai;Yusuf Buratai;TY Buratai	Nigerian Army	Commander	Chief of Army Staff	Lieutenant General
267c3d00-7421-46c7-9cea-0115b284ae20	alias	Abayomi Gabriel Olonisakin	Abayomi Gabriel Olonishakin ; AG Olonisakin ; Olonishakin	Defence Headquarters	Commander	Chief of Defence Staff	General
27f1d465-80f4-48c0-b190-9d9138aa7f69	name	Samaila Iliya	S Iliya	81 Division	Commander	General Officer Commanding	Major General
2859d1a4-e501-4a5e-9d34-fe7faf6c5815	name	Uzoma Nwaoha		Anthony Police Division	Commander	Divisional Police Officer	Superintendent of Police
2de9f5ea-c360-427e-b742-f1ddfa01c0b3	name	Texas Chukwu		Directorate of Army Public Relations	Commander	Director of Army Public Relations	Brigadier General
2e620027-244c-4562-8fd4-316399876418	name	Olakunle Akinyemi	Olayinka Akinyemi ; Ola Akinyemi ; O Akinyemi ; B. Akinyemi ; O. Akinyemi	3 Armoured Division	Commander	General Officer Commanding	Major General
2f65f578-59d2-4b4f-8ae4-920927e7e598	alias	Adebayor Olanniyi	Adebayo Olaniyi ; Adebayor Olaniyi	82 Division	Commander	General Officer Commanding	Major General
2fc0f588-8af2-4c04-841c-3d44f42b6ffd	name	Victor Okwudili Ezugwu	Victor Ezeugwu ; Victor Ezugwu ; Victor Ezeogu ; Victor Ezeaogu ; VO Ezeugwu ; Victor Ezugu	7 Division	Commander	General Officer Commanding	Brigadier General
2fc7b634-375c-4cad-a662-e18ce2e6d533	name	Moses Obi	MB Obi	1 Mechanised Division	Commander	General Officer Commanding	Major General
30ac2f1e-a64f-43c4-a3e3-eb6453feae97	alias	Moses Obi	MB Obi	1 Mechanised Division	Commander	General Officer Commanding	Major General
30dd1435-d22d-4db7-9f93-fb993069ed47	name	Enobong Udoh		81 Division	Commander	General Officer Commanding	Major General
315f389c-9801-49e7-a562-440fad134991	name	Sunday Idoko	Idoko ; Sunday O. Idoko ; S.O Idoko	3 Armoured Division	Commander	General Officer Commanding	Major General
34cc8b2c-1cb1-44b2-87ae-af6e04fbbe08	name	Shehu Yusuf	S. Yusuf ; S YUSUF	82 Division	Commander	General Officer Commanding	Major General
356602e4-042e-4ad3-8bb2-f539b8644514	name	Benjamin Ahanotu (3 Armoured Division)		3 Armoured Division	Commander	General Officer Commanding	Major General
358c43bc-a056-4313-8c8c-203386ab105a	alias	Owoye Andrew Azazi	Andrew Azazi ; OA Azazi ; Owoye Azazi; Owoye Azazi	1 Mechanised Division	Commander	General Officer Commanding	Major General
35c79a6c-48a2-47bc-8afd-c122ac3b4353	alias	Tamunomieibi I. Dibi	Tamunomieibi Dibi ; Tamunomeibi Dibi ; Tanmi Dibi ; T.I. Debi ; TI Dibi ; Tammy Dibi	81 Division	Commander	General Officer Commanding	Major General
35ea21a5-cefc-4878-87e8-4cdb0cf2779e	name	Texas Chukwu		Directorate of Army Public Relations	Commander	Director of Army Public Relations	Brigadier General
361de417-fe5f-4a76-9637-144f104713db	name	Paul Dike	PC Dike	Defence Headquarters	Commander	Chief of Defence Staff	Air Marshal
36d49324-b5b6-4df5-aa99-2051fe5ea939	name	Yusha'u Mahmood Abubakar	Yusha'u Abubakar ; Yushau Abubakar	Operation Lafiya Dole	Commander	Theatre Commander	Major General
36d49324-b5b6-4df5-aa99-2051fe5ea939	alias	Yusha'u Mahmood Abubakar	Yusha'u Abubakar ; Yushau Abubakar	Operation Lafiya Dole	Commander	Theatre Commander	Major General
37094c69-f9e1-41d4-9fc1-94da22e266ff	name	Mohammad Danhanne Issa	Mohammed D. Isah ; Mohammed Isah ; MD Isah	82 Division	Commander	General Officer Commanding	Major General
3758c2f3-309c-4e23-9b81-88ce4d27f779	alias	Kenneth Tobia Minimah	Kenneth Minima ; KTJ Minimah ; Kenneth T.J Minimah ; Kenneth Minimah ; Keneth T.J Minimah ; Ken Minima ; Kelvin Miminah	Nigerian Army Headquarters	Commander	Chief of Army Staff	Lieutenant General
37ea0e4c-2b65-47e3-8347-6c55d6230165	name	Mohammed Sani Ali	M.S.A. Aliyu ; MSA Aliyu ; Aliyu Aliyu	3 Armoured Division	Commander	General Officer Commanding	Brigadier General
3946c185-68a6-4248-aa19-c9278cc0ed06	alias	Garba Ayodele Wahab	GA Wahab ; Garba Wahab ; Gani Wahab ; Garba A. Wahab	1 Mechanised Division	Commander	General Officer Commanding	Major General
3a678eaa-d39f-40fd-9fcf-072f2d17d4c2	name	Paul Dike	PC Dike	Defence Headquarters	Commander	Chief of Defence Staff	Air Marshal
3b321757-557f-4af7-a20d-d30ecee55bd6	name	Ahmadu Mohammed	Mohammed Abdulkadir ; Abdulkadir ; A Mohammed	7 Division	Commander	General Officer Commanding	Major General
3dcb84f0-dcf7-4bab-9770-78a627ca5630	name	M. M. Yerima		82 Division	Army Public Relations Officer	Assistant Director Army Public Relations	Major
3f8dfc80-4dcc-41a1-880e-0828c3f2cdd5	alias	Obi Abel Umahi	Obi Abel Omahi;Obi A. Umahi;Obi Omahi;Abel Umahi;Obi Umahie;OA Umahi;Obi Umahi;Unahi Obi	81 Division	Commander	General Officer Commanding	Major General
3fd28aae-88ff-45bc-b066-171d60d04282	name	Mohammed Mu'Azu	Mohammed Mu’azu	Seme Police Division	Commander	Divisional Police Officer	Chief Superintendent of Police
431d003c-096b-4bd1-b02b-e4676519d2d4	name	Adamu Baba Abubakar	Adamu Abubakar	82 Division	Commander	General Officer Commanding	Major General
4600bd9e-961a-4261-93ef-abd67c71cdfd	name	Ishiaku Dikko	Ishiaku ; I.A. Dikko	22 Armoured Brigade	Commander	General Officer Commanding	Brigadier General
4600bd9e-961a-4261-93ef-abd67c71cdfd	alias	Ishiaku Dikko	Ishiaku ; I.A. Dikko	22 Armoured Brigade	Commander	General Officer Commanding	Brigadier General
46765dc0-78a8-4266-a8f3-8ebb44108685	name	Saleh Maina	S. Maina	3 Armoured Division	Commander	General Officer Commanding	Major General
47392e3d-3c5f-4610-b2ec-173a0c29cce8	name	Adamu Baba Abubakar	Adamu Abubakar	82 Division	Commander	General Officer Commanding	Major General
47a1f85c-73b4-47f1-a6b5-1e82f3da010f	alias	Victor Okwudili Ezugwu	Victor Ezeugwu ; Victor Ezugwu ; Victor Ezeogu ; Victor Ezeaogu ; VO Ezeugwu ; Victor Ezugu	7 Division	Commander	General Officer Commanding	Brigadier General
493ac34f-6d9a-40ff-9843-5d7de6d3525c	alias	Abdulrahman Danbazzau	AB Dambazau ; Abdulrahaman Dambazau ; AB Danabazzau ; Abuja Danbazzau	Nigerian Army Headquarters	Commander	Chief of Army Staff	Lieutenant General
4a0c555c-07b3-421a-aebe-3dc5f3d7b509	alias	Adeniyi Oyabade	Adeniyi Oyebade	1 Mechanised Division	Commander	General Officer Commanding	Major General
4a932064-c445-4131-b111-ceb09aade8a1	alias	Obida T. Ethnan	Obidah T. Ethan ; Obidah Ethan ; O. T. Etan ; OT Ethan	7 Division	Commander	General Officer Commanding	Major General
4bf889e9-d881-4295-a498-6e3dfaa40d1b	name	Azubuike Onyeabo Ihejirika	Onyeabo Azubuike Ihejirika ; Azabuike Ihejirika ; Onyeabo Ihejirika ; OA Ihejirika ; Onyeabo Azubike Ihejerika ; O. A. Ihejirika ; Onyeabor Azubuike Ihejirika ; A.O. Ihejirika ; Azubuike Ihiejirika ; Onyeabor Ihejirika ; Augustine Ihejirika ; Ihejirika	Nigerian Army Headquarters	Commander	Chief of Army Staff	Lieutenant General
4bf889e9-d881-4295-a498-6e3dfaa40d1b	name	Azubuike Onyeabo Ihejirika	Onyeabo Azubuike Ihejirika ; Azabuike Ihejirika ; Onyeabo Ihejirika ; OA Ihejirika ; Onyeabo Azubike Ihejerika ; O. A. Ihejirika ; Onyeabor Azubuike Ihejirika ; A.O. Ihejirika ; Azubuike Ihiejirika ; Onyeabor Ihejirika ; Augustine Ihejirika ; Ihejirika	Nigerian Army	Commander	Chief of Army Staff	Lieutenant General
4da481e7-b4f8-4118-9fd1-517ed10ca755	name	Kasimu Abdulkarim	Hamisu Abdulkarim	6 Division	Commander	General Officer Commanding	Major General
4e3d8ee6-72f6-4bb8-92f6-d98d656e6ac7	name	A.T. Lawal		3 Battalion	Commander	Commanding Officer	Lieutenant Colonel
4fa3bcd2-604e-4637-943b-46e9c259198d	name	Moses Obi	MB Obi	1 Mechanised Division	Commander	General Officer Commanding	Major General
4fa3bcd2-604e-4637-943b-46e9c259198d	alias	Abdul Hafeez Adewuyi	AG Adewuyi ; S. Adewuyi	82 Division	Commander	General Officer Commanding	Major General
4fa3bcd2-604e-4637-943b-46e9c259198d	alias	Olakunle Akinyemi	Olayinka Akinyemi ; Ola Akinyemi ; O Akinyemi ; B. Akinyemi ; O. Akinyemi	3 Armoured Division	Commander	General Officer Commanding	Major General
50039396-b172-4181-bfe6-17749c1b522c	alias	Obi Abel Umahi	Obi Abel Omahi;Obi A. Umahi;Obi Omahi;Abel Umahi;Obi Umahie;OA Umahi;Obi Umahi;Unahi Obi	81 Division	Commander	General Officer Commanding	Major General
50fffcf6-562a-49a1-bd85-416805735fbb	name	Okey Ofoedu		Oji River Police Division	Commander	Divisional Police Officer	Superintendent of Police
546826b0-3d58-4a16-904c-ec001189b28e	alias	Azubuike Onyeabo Ihejirika	Onyeabo Azubuike Ihejirika ; Azabuike Ihejirika ; Onyeabo Ihejirika ; OA Ihejirika ; Onyeabo Azubike Ihejerika ; O. A. Ihejirika ; Onyeabor Azubuike Ihejirika ; A.O. Ihejirika ; Azubuike Ihiejirika ; Onyeabor Ihejirika ; Augustine Ihejirika ; Ihejirika	Nigerian Army Headquarters	Commander	Chief of Army Staff	Lieutenant General
546826b0-3d58-4a16-904c-ec001189b28e	alias	Azubuike Onyeabo Ihejirika	Onyeabo Azubuike Ihejirika ; Azabuike Ihejirika ; Onyeabo Ihejirika ; OA Ihejirika ; Onyeabo Azubike Ihejerika ; O. A. Ihejirika ; Onyeabor Azubuike Ihejirika ; A.O. Ihejirika ; Azubuike Ihiejirika ; Onyeabor Ihejirika ; Augustine Ihejirika ; Ihejirika	Nigerian Army	Commander	Chief of Army Staff	Lieutenant General
550e0f4b-80a6-4c5a-8574-20857d90b8c1	alias	Ibrahim Attahiru	I. Attahiru ; I Attahiru	82 Division	Commander	General Officer Commanding	Major General
5719e8e1-6caf-4e8d-8365-6e92e50ed7a9	name	Texas Chukwu		Directorate of Army Public Relations	Commander	Director of Army Public Relations	Brigadier General
582d5933-38ab-4137-bc30-3fc7a4334fbd	name	Ibrahim Attahiru	I. Attahiru ; I Attahiru	82 Division	Commander	Acting General Officer Commanding	Brigadier General
583d202d-efa3-47bf-ba48-e0e7957872a1	name	Tanko Abdu	TN Abdu	81 Division	Commander	General Officer Commanding	Major General
5b2121b2-58db-469b-baa8-8db9fa712fa5	alias	Emeka CG Nwanguna	Eugene Nwanguma ; Eugene Nwanjuma	81 Division	Commander	General Officer Commanding	Major General
5ba0e7eb-ff89-4fd6-9265-48777fab92a4	alias	Tukur Yusufu Buratai	Tukur Buratai;Tukur Yusuf Buratai;Yusuf Tukur Buratai;T.Y. Buratai;Tukur Y. Buratai;Yusuf Buratai;TY Buratai	Nigerian Army Headquarters	Commander	Chief of Army Staff	Lieutenant General
5ba0e7eb-ff89-4fd6-9265-48777fab92a4	alias	Tukur Yusufu Buratai	Tukur Buratai;Tukur Yusuf Buratai;Yusuf Tukur Buratai;T.Y. Buratai;Tukur Y. Buratai;Yusuf Buratai;TY Buratai	Nigerian Army	Commander	Chief of Army Staff	Lieutenant General
5c5f25a2-6751-40ef-a68f-4c90f4b5d8b7	name	Azugaku Tsota Umuru		Defence Headquarters	Director of Administration	Director of Administration	Major General
5c5f25a2-6751-40ef-a68f-4c90f4b5d8b7	name	Oluseyin Petinrin	Oluseyi Petirin	Defence Headquarters	Commander	Chief of Defence Staff	Air Marshal
5c5f25a2-6751-40ef-a68f-4c90f4b5d8b7	alias	Azubuike Onyeabo Ihejirika	Onyeabo Azubuike Ihejirika ; Azabuike Ihejirika ; Onyeabo Ihejirika ; OA Ihejirika ; Onyeabo Azubike Ihejerika ; O. A. Ihejirika ; Onyeabor Azubuike Ihejirika ; A.O. Ihejirika ; Azubuike Ihiejirika ; Onyeabor Ihejirika ; Augustine Ihejirika ; Ihejirika	Nigerian Army Headquarters	Commander	Chief of Army Staff	Lieutenant General
5c5f25a2-6751-40ef-a68f-4c90f4b5d8b7	alias	Azubuike Onyeabo Ihejirika	Onyeabo Azubuike Ihejirika ; Azabuike Ihejirika ; Onyeabo Ihejirika ; OA Ihejirika ; Onyeabo Azubike Ihejerika ; O. A. Ihejirika ; Onyeabor Azubuike Ihejirika ; A.O. Ihejirika ; Azubuike Ihiejirika ; Onyeabor Ihejirika ; Augustine Ihejirika ; Ihejirika	Nigerian Army	Commander	Chief of Army Staff	Lieutenant General
61dea0fe-8477-40bb-9624-4f908b2fd31d	name	Noble Uwoh		Edo State Police Command	Public Relations Officer	Public Relations Officer	Deputy Superintendent of Police
63a99be1-b2c5-46c2-b8c8-2e37965df0e9	alias	John Zaruwa	J.S. Zaruwa ; Zaruwa ; Mohammed Zaruwa ; JS Zaruwa ; JS Zaruw	3 Armoured Division	Commander	General Officer Commanding	Major General
6456cde9-9790-4d96-824e-01afe3e5f1d6	alias	Yusha'u Mahmood Abubakar	Yusha'u Abubakar ; Yushau Abubakar	Operation Lafiya Dole	Commander	Theatre Commander	Major General
65c4fd99-6206-4009-80c0-d1a8d1519c3c	name	Rowland Omatoje		Fegge Police Division	Commander	Divisional Police Officer	Chief Superintendent of Police
68580e8b-12ac-4cb6-84e7-30e637dacfc8	name	Owoye Andrew Azazi	Andrew Azazi ; OA Azazi ; Owoye Azazi; Owoye Azazi ; Patrick Owoeye Azazi ; A. O. Azazi	Defence Headquarters	Commander	Chief of Defence Staff	General
68580e8b-12ac-4cb6-84e7-30e637dacfc8	alias	Owoye Andrew Azazi	Andrew Azazi ; OA Azazi ; Owoye Azazi; Owoye Azazi ; Patrick Owoeye Azazi ; A. O. Azazi	Defence Headquarters	Commander	Chief of Defence Staff	General
68b26bfc-1cb5-4148-aafa-616046a795f6	alias	Jack Okechukwu Nwaogbo	Jack O. Nwaogbo ; Jack Nwaogbo ; Jack Nwogbo ; Jack Nwaoga ; J. O. Nwaogbo ; Nwoga ; Okechukwu Nwaogbo	3 Armoured Division	Commander	General Officer Commanding	Major General
6a288100-b0d0-4fa6-8d69-089e22d15c75	alias	Tamunomieibi I. Dibi	Tamunomieibi Dibi ; Tamunomeibi Dibi ; Tanmi Dibi ; T.I. Debi ; TI Dibi ; Tammy Dibi	81 Division	Commander	General Officer Commanding	Major General
6a622827-3f0b-47e8-a818-231c52513171	alias	Ahmadu Mohammed	Mohammed Abdulkadir ; Abdulkadir ; A Mohammed	7 Division	Commander	General Officer Commanding	Major General
6a860be0-0a84-42d9-993b-cff99ea0e65e	alias	Stephenson Olabanji	Stevenson Olabanji ; AO Olabanji	8 Task Force Division	Commander	Acting General Officer Commanding	Brigadier General
6ab9c4ae-b626-4f4b-9a3e-d90d19518ab8	alias	Tukur Yusufu Buratai	Tukur Buratai;Tukur Yusuf Buratai;Yusuf Tukur Buratai;T.Y. Buratai;Tukur Y. Buratai;Yusuf Buratai;TY Buratai	Nigerian Army Headquarters	Commander	Chief of Army Staff	Lieutenant General
6ab9c4ae-b626-4f4b-9a3e-d90d19518ab8	alias	Tukur Yusufu Buratai	Tukur Buratai;Tukur Yusuf Buratai;Yusuf Tukur Buratai;T.Y. Buratai;Tukur Y. Buratai;Yusuf Buratai;TY Buratai	Nigerian Army	Commander	Chief of Army Staff	Lieutenant General
6af2a7d0-5d62-446a-9d26-e4bfba227805	name	Lamidi Adeosun	Adeosun;LO Adeosun;O Adeosun	7 Division	Commander	General Officer Commanding	Major General
6d8d6c4d-317e-4f9f-bbf0-35e190c15374	alias	Oluwaseun Olayinka Oshinowo	Oluwaseun Oshinowo ; OO Oshinowo ; O.O Oshinowo ; O.O. Oshinowo ; Oluwaseun O. Oshinowo ; Oluwaseun Oshinowo ; Olayinka Oshinowo ; Oluwaseun O. Oshinowo	82 Division	Commander	General Officer Commanding	Major General
6e156214-f890-42e3-9a93-801634eb1c6d	alias	Sunday Idoko	Idoko ; Sunday O. Idoko ; S.O Idoko	3 Armoured Division	Commander	General Officer Commanding	Major General
6e156214-f890-42e3-9a93-801634eb1c6d	alias	Joseph Shoboiki	J.O Shoboiki ; Shoboiki ; J.O Shobeke	1 Mechanised Division	Commander	General Officer Commanding	Major General
6e34fc31-810c-4002-94ff-b981081110cf	name	Emmanuel Abejirin	EF Abejirin ; E.F. Abejerin	2 Mechanised Division	Commander	General Officer Commanding	Major General
70c81080-0535-42f6-99aa-d3295f432a9d	alias	Alex Sabunduh Badeh	Alex Badeh ; Alex Sabundu Badeh	Defence Headquarters	Commander	Chief of Defence Staff	Air Chief Marshal
70c81080-0535-42f6-99aa-d3295f432a9d	alias	Garba Ayodele Wahab	GA Wahab ; Garba Wahab ; Gani Wahab ; Garba A. Wahab	1 Mechanised Division	Commander	General Officer Commanding	Major General
747ea676-8906-4d75-b0ae-740939e7c61d	name	AE Okpere		Tactical Air Command	Commander	Air Officer Commanding	Air Vice Marshal
747ea676-8906-4d75-b0ae-740939e7c61d	name	AH Lawal		Tactical Air Command	Commander	Air Officer Commanding	Group Captain
747ea676-8906-4d75-b0ae-740939e7c61d	name	AH Lawal		Tactical Air Command	Commander	Air Officer Commanding	Air Commodore
747ea676-8906-4d75-b0ae-740939e7c61d	name	C Onyemaobi		Tactical Air Command	Commander	Air Officer Commanding	Air Vice Marshal
747ea676-8906-4d75-b0ae-740939e7c61d	name	CAE Dada		Tactical Air Command	Commander	Air Officer Commanding	Air Commodore
747ea676-8906-4d75-b0ae-740939e7c61d	name	CO Onugha		Tactical Air Command	Commander	Air Officer Commanding	Air Vice Marshal
747ea676-8906-4d75-b0ae-740939e7c61d	name	CU Ugah		Tactical Air Command	Commander	Air Officer Commanding	Air Vice Marshal
747ea676-8906-4d75-b0ae-740939e7c61d	name	EE Edem		Tactical Air Command	Commander	Air Officer Commanding	Air Commodore
747ea676-8906-4d75-b0ae-740939e7c61d	name	EE Edem		Tactical Air Command	Commander	Air Officer Commanding	Air Vice Marshal
747ea676-8906-4d75-b0ae-740939e7c61d	name	EO Adeleye		Tactical Air Command	Commander	Air Officer Commanding	Air Commodore
747ea676-8906-4d75-b0ae-740939e7c61d	name	FG Dilli		Tactical Air Command	Commander	Air Officer Commanding	Air Vice Marshal
747ea676-8906-4d75-b0ae-740939e7c61d	name	FO Gbadebo		Tactical Air Command	Commander	Air Officer Commanding	Air Vice Marshal
747ea676-8906-4d75-b0ae-740939e7c61d	name	GA Osho		Tactical Air Command	Commander	Air Officer Commanding	Air Commodore
747ea676-8906-4d75-b0ae-740939e7c61d	name	GB Odesola		Tactical Air Command	Commander	Air Officer Commanding	Air Vice Marshal
747ea676-8906-4d75-b0ae-740939e7c61d	name	IM Alfa		Tactical Air Command	Commander	Air Officer Commanding	Group Captain
747ea676-8906-4d75-b0ae-740939e7c61d	name	IM Alfa		Tactical Air Command	Commander	Air Officer Commanding	Air Commodore
747ea676-8906-4d75-b0ae-740939e7c61d	name	JO Babalola		Tactical Air Command	Commander	Air Officer Commanding	Air Vice Marshal
747ea676-8906-4d75-b0ae-740939e7c61d	name	JO Okoiye		Tactical Air Command	Commander	Air Officer Commanding	Air Commodore
747ea676-8906-4d75-b0ae-740939e7c61d	name	MAD Bello		Tactical Air Command	Commander	Air Officer Commanding	Air Commodore
747ea676-8906-4d75-b0ae-740939e7c61d	name	NE Eduok		Tactical Air Command	Commander	Air Officer Commanding	Air Commodore
747ea676-8906-4d75-b0ae-740939e7c61d	name	NN Dilli		Tactical Air Command	Commander	Air Officer Commanding	Air Vice Marshal
747ea676-8906-4d75-b0ae-740939e7c61d	name	NO Yussuf		Tactical Air Command	Commander	Air Officer Commanding	Air Commodore
747ea676-8906-4d75-b0ae-740939e7c61d	name	SA Atawodi		Tactical Air Command	Commander	Air Officer Commanding	Air Commodore
747ea676-8906-4d75-b0ae-740939e7c61d	name	SA Atawodi		Tactical Air Command	Commander	Air Officer Commanding	Air Vice Marshal
747ea676-8906-4d75-b0ae-740939e7c61d	name	WI Aleyideino		Tactical Air Command	Commander	Air Officer Commanding	Air Commodore
747ea676-8906-4d75-b0ae-740939e7c61d	alias	Paul Dike	PC Dike	Tactical Air Command	Commander	Air Officer Commanding	Air Vice Marshal
749e748d-a349-4c45-b524-f174d70909c8	alias	Fatai Oladipo Alli	Fatai Alli ; F.O. Alli ; F.O.Alli ; FO Ali	3 Armoured Division	Commander	General Officer Commanding	Major General
763e05ec-a66a-46fb-a691-223339e19272	name	Ibrahim Attahiru	I. Attahiru ; I Attahiru	82 Division	Commander	General Officer Commanding	Major General
76fc2c07-4ce9-4c9a-8c95-6bfb88c08ec1	name	Texas Chukwu		Directorate of Army Public Relations	Commander	Director of Army Public Relations	Brigadier General
76fc2c07-4ce9-4c9a-8c95-6bfb88c08ec1	name	AG Nora		21 Special Forces Brigade	Commander	Acting Commander	Colonel
76fc2c07-4ce9-4c9a-8c95-6bfb88c08ec1	name	AG Nora		21 Armoured Brigade	Commander	Acting Commander	Colonel
76fc2c07-4ce9-4c9a-8c95-6bfb88c08ec1	alias	Tukur Yusufu Buratai	Tukur Buratai;Tukur Yusuf Buratai;Yusuf Tukur Buratai;T.Y. Buratai;Tukur Y. Buratai;Yusuf Buratai;TY Buratai	Nigerian Army Headquarters	Commander	Chief of Army Staff	Lieutenant General
76fc2c07-4ce9-4c9a-8c95-6bfb88c08ec1	alias	Tukur Yusufu Buratai	Tukur Buratai;Tukur Yusuf Buratai;Yusuf Tukur Buratai;T.Y. Buratai;Tukur Y. Buratai;Yusuf Buratai;TY Buratai	Nigerian Army	Commander	Chief of Army Staff	Lieutenant General
76fc2c07-4ce9-4c9a-8c95-6bfb88c08ec1	alias	Abdulmalik Bulama Biu	Bulama Biu;Abdulmalik Biu	7 Division	Commander	Acting General Officer Commanding	Brigadier General
7a278f4a-c006-466b-916b-2da69632e1bd	name	Ibrahim Attahiru	I. Attahiru ; I Attahiru	82 Division	Commander	General Officer Commanding	Major General
7c04f0e2-2348-4379-a7bf-6ca7a1ab5dea	alias	Adamu Baba Abubakar	Adamu Abubakar	82 Division	Commander	General Officer Commanding	Major General
7c4a1206-effb-4695-a475-5b2743fe6922	name	Mohammed Abubakar	MD Abubakar ; M.D. Abubakar ; M.D Abubakar ; MD Mohammed	2 Mechanised Division	Commander	General Officer Commanding	Major General
7d66c675-67e2-4584-9b90-da798423a43f	alias	Azubuike Onyeabo Ihejirika	Onyeabo Azubuike Ihejirika ; Azabuike Ihejirika ; Onyeabo Ihejirika ; OA Ihejirika ; Onyeabo Azubike Ihejerika ; O. A. Ihejirika ; Onyeabor Azubuike Ihejirika ; A.O. Ihejirika ; Azubuike Ihiejirika ; Onyeabor Ihejirika ; Augustine Ihejirika ; Ihejirika	Nigerian Army Headquarters	Commander	Chief of Army Staff	Lieutenant General
7d66c675-67e2-4584-9b90-da798423a43f	alias	Azubuike Onyeabo Ihejirika	Onyeabo Azubuike Ihejirika ; Azabuike Ihejirika ; Onyeabo Ihejirika ; OA Ihejirika ; Onyeabo Azubike Ihejerika ; O. A. Ihejirika ; Onyeabor Azubuike Ihejirika ; A.O. Ihejirika ; Azubuike Ihiejirika ; Onyeabor Ihejirika ; Augustine Ihejirika ; Ihejirika	Nigerian Army	Commander	Chief of Army Staff	Lieutenant General
7f1d5ba0-9dc6-41fe-ba67-20755f94f191	alias	Mohammed Sani Ali	M.S.A. Aliyu ; MSA Aliyu ; Aliyu Aliyu	3 Armoured Division	Commander	Acting General Officer Commanding	Brigadier General
7f1edbe1-3c12-45ac-bd31-f33c4a56824c	name	Texas Chukwu		Directorate of Army Public Relations	Commander	Director of Army Public Relations	Brigadier General
800315da-3405-4865-ad8c-0246a1669b6d	alias	Kenneth Tobia Minimah	Kenneth Minima ; KTJ Minimah ; Kenneth T.J Minimah ; Kenneth Minimah ; Keneth T.J Minimah ; Ken Minima ; Kelvin Miminah	Nigerian Army Headquarters	Commander	Chief of Army Staff	Lieutenant General
827dc295-f0d2-4c9e-9f78-6006dc87fb70	alias	Adebayor Olanniyi	Adebayo Olaniyi ; Adebayor Olaniyi	82 Division	Commander	General Officer Commanding	Major General
8287b786-f4c9-40d0-a333-daad5a2ad08f	name	Chris Olukolade		Defence Headquarters	Director of Defence Information	Director of Defence Information	Major General
829dcb6f-b0c7-40d8-85b0-d4f9d57aef5d	alias	Muhammed Idris Yusuf	Idris Mohammed Yusuf ; Ibrahim Yusuf ; Mohammed Idris Yusuf ; Mohammed Yusuf	21 Armoured Brigade	Commander	Acting Commander	Colonel
829dcb6f-b0c7-40d8-85b0-d4f9d57aef5d	alias	Muhammed Idris Yusuf	Idris Mohammed Yusuf ; Ibrahim Yusuf ; Mohammed Idris Yusuf ; Mohammed Yusuf	21 Armoured Brigade	Commander	Acting Commander	Brigadier General
850e420d-1511-4d0a-82fc-a717d59924ae	alias	Tukur Yusufu Buratai	Tukur Buratai;Tukur Yusuf Buratai;Yusuf Tukur Buratai;T.Y. Buratai;Tukur Y. Buratai;Yusuf Buratai;TY Buratai	Nigerian Army Headquarters	Commander	Chief of Army Staff	Lieutenant General
850e420d-1511-4d0a-82fc-a717d59924ae	alias	Tukur Yusufu Buratai	Tukur Buratai;Tukur Yusuf Buratai;Yusuf Tukur Buratai;T.Y. Buratai;Tukur Y. Buratai;Yusuf Buratai;TY Buratai	Nigerian Army	Commander	Chief of Army Staff	Lieutenant General
8989202e-9d26-4da2-b0c5-61867a645b84	name	Jack Okechukwu Nwaogbo	Jack O. Nwaogbo ; Jack Nwaogbo ; Jack Nwogbo ; Jack Nwaoga ; J. O. Nwaogbo ; Nwoga ; Okechukwu Nwaogbo	3 Armoured Division	Commander	General Officer Commanding	Major General
8ddb3eb0-5e10-4801-94ea-6d4de7b1fee1	alias	Azubuike Onyeabo Ihejirika	Onyeabo Azubuike Ihejirika ; Azabuike Ihejirika ; Onyeabo Ihejirika ; OA Ihejirika ; Onyeabo Azubike Ihejerika ; O. A. Ihejirika ; Onyeabor Azubuike Ihejirika ; A.O. Ihejirika ; Azubuike Ihiejirika ; Onyeabor Ihejirika ; Augustine Ihejirika ; Ihejirika	Nigerian Army Headquarters	Commander	Chief of Army Staff	Lieutenant General
8ddb3eb0-5e10-4801-94ea-6d4de7b1fee1	alias	Azubuike Onyeabo Ihejirika	Onyeabo Azubuike Ihejirika ; Azabuike Ihejirika ; Onyeabo Ihejirika ; OA Ihejirika ; Onyeabo Azubike Ihejerika ; O. A. Ihejirika ; Onyeabor Azubuike Ihejirika ; A.O. Ihejirika ; Azubuike Ihiejirika ; Onyeabor Ihejirika ; Augustine Ihejirika ; Ihejirika	Nigerian Army	Commander	Chief of Army Staff	Lieutenant General
8ddb3eb0-5e10-4801-94ea-6d4de7b1fee1	alias	Obi Abel Umahi	Obi Abel Omahi;Obi A. Umahi;Obi Omahi;Abel Umahi;Obi Umahie;OA Umahi;Obi Umahi;Unahi Obi	81 Division	Commander	General Officer Commanding	Major General
8e93f9fe-9bb5-4143-86e5-c6950d62eedf	alias	Adebayor Olanniyi	Adebayo Olaniyi ; Adebayor Olaniyi	82 Division	Commander	General Officer Commanding	Major General
90050408-1e9c-4d11-ab4b-e978bb4aab6a	alias	Kenneth Osuji	KC Osuji ; K.C Osuji	1 Mechanised Division	Commander	General Officer Commanding	Major General
9020c232-c6a9-4946-9eb4-35161ffdec5b	alias	Owoye Andrew Azazi	Andrew Azazi ; OA Azazi ; Owoye Azazi; Owoye Azazi ; Patrick Owoeye Azazi ; A. O. Azazi	Defence Headquarters	Commander	Chief of Defence Staff	General
91f51be6-def2-464f-b0a7-1743f3c93cb5	alias	Garba Ayodele Wahab	GA Wahab ; Garba Wahab ; Gani Wahab ; Garba A. Wahab	1 Mechanised Division	Commander	General Officer Commanding	Major General
92167d54-96bb-4dcb-90aa-b185584c5c25	name	Unsaid Bindawa	Junaid Bindawa;Bindawa;JS Bindawa;Bindawa;Unsaid Bindawa	7 Division	Commander	General Officer Commanding	Major General
92167d54-96bb-4dcb-90aa-b185584c5c25	name	John Zaruwa	J.S. Zaruwa ; Zaruwa ; Mohammed Zaruwa ; JS Zaruwa ; JS Zaruw	3 Armoured Division	Commander	General Officer Commanding	Major General
92167d54-96bb-4dcb-90aa-b185584c5c25	alias	Shehu Yusuf	S. Yusuf ; S YUSUF	82 Division	Commander	General Officer Commanding	Major General
92167d54-96bb-4dcb-90aa-b185584c5c25	alias	Tamunomieibi I. Dibi	Tamunomieibi Dibi ; Tamunomeibi Dibi ; Tanmi Dibi ; T.I. Debi ; TI Dibi ; Tammy Dibi	81 Division	Commander	General Officer Commanding	Major General
92167d54-96bb-4dcb-90aa-b185584c5c25	alias	Unsaid Bindawa	Junaid Bindawa;Bindawa;JS Bindawa;Bindawa;Unsaid Bindawa	7 Division	Commander	General Officer Commanding	Major General
92167d54-96bb-4dcb-90aa-b185584c5c25	alias	Emmanuel Abejirin	EF Abejirin ; E.F. Abejerin	2 Mechanised Division	Commander	General Officer Commanding	Major General
92167d54-96bb-4dcb-90aa-b185584c5c25	alias	Kenneth Osuji	KC Osuji ; K.C Osuji	1 Mechanised Division	Commander	General Officer Commanding	Major General
92afd7db-26be-4eed-b0b6-4b18eb521df0	alias	Victor Okwudili Ezugwu	Victor Ezeugwu ; Victor Ezugwu ; Victor Ezeogu ; Victor Ezeaogu ; VO Ezeugwu ; Victor Ezugu	7 Division	Commander	General Officer Commanding	Brigadier General
92afd7db-26be-4eed-b0b6-4b18eb521df0	alias	Victor Okwudili Ezugwu	Victor Ezeugwu ; Victor Ezugwu ; Victor Ezeogu ; Victor Ezeaogu ; VO Ezeugwu ; Victor Ezugu	7 Division	Commander	Acting Commander	Brigadier General
93601bd5-e894-4699-85d4-f6bebcf55ab8	name	Sunday Idoko	Idoko ; Sunday O. Idoko ; S.O Idoko	3 Armoured Division	Commander	General Officer Commanding	Major General
949241ed-6b48-4dfe-a7d3-aad59ce53b73	alias	Tukur Yusufu Buratai	Tukur Buratai;Tukur Yusuf Buratai;Yusuf Tukur Buratai;T.Y. Buratai;Tukur Y. Buratai;Yusuf Buratai;TY Buratai	Nigerian Army Headquarters	Commander	Chief of Army Staff	Lieutenant General
949241ed-6b48-4dfe-a7d3-aad59ce53b73	alias	Tukur Yusufu Buratai	Tukur Buratai;Tukur Yusuf Buratai;Yusuf Tukur Buratai;T.Y. Buratai;Tukur Y. Buratai;Yusuf Buratai;TY Buratai	Nigerian Army	Commander	Chief of Army Staff	Lieutenant General
95685004-1904-4e0b-b5ac-f13aa795dc44	alias	Abdulrahman Danbazzau	AB Dambazau ; Abdulrahaman Dambazau ; AB Danabazzau ; Abuja Danbazzau	Nigerian Army Headquarters	Commander	Chief of Army Staff	Lieutenant General
96b4be35-d114-4d2e-a6f2-b02f0fa7532f	name	Fatai Oladipo Alli	Fatai Alli ; F.O. Alli ; F.O.Alli ; FO Ali	3 Armoured Division	Commander	General Officer Commanding	Major General
96b4be35-d114-4d2e-a6f2-b02f0fa7532f	alias	Fatai Oladipo Alli	Fatai Alli ; F.O. Alli ; F.O.Alli ; FO Ali	3 Armoured Division	Commander	General Officer Commanding	Major General
96b4be35-d114-4d2e-a6f2-b02f0fa7532f	alias	John Zaruwa	J.S. Zaruwa ; Zaruwa ; Mohammed Zaruwa ; JS Zaruwa ; JS Zaruw	3 Armoured Division	Commander	General Officer Commanding	Major General
96c03f26-869e-4967-80c0-0e2de256d730	alias	Owoye Andrew Azazi	Andrew Azazi ; OA Azazi ; Owoye Azazi; Owoye Azazi ; Patrick Owoeye Azazi ; A. O. Azazi	Defence Headquarters	Commander	Chief of Defence Staff	General
9765187c-ccfc-4ad5-8df2-13dd99a99a6a	alias	Oluwaseun Olayinka Oshinowo	Oluwaseun Oshinowo ; OO Oshinowo ; O.O Oshinowo ; O.O. Oshinowo ; Oluwaseun O. Oshinowo ; Oluwaseun Oshinowo ; Olayinka Oshinowo ; Oluwaseun O. Oshinowo	82 Division	Commander	General Officer Commanding	Major General
98f9bf12-c64e-47d2-9d79-8621189850a9	name	Moses Obi	MB Obi	1 Mechanised Division	Commander	General Officer Commanding	Major General
9a29c2cd-6837-4491-adda-6241c624f75a	name	Abdul Hafeez Adewuyi	AG Adewuyi ; S. Adewuyi	82 Division	Commander	General Officer Commanding	Major General
9ad83488-67aa-475c-8a7e-8210fb55f86c	alias	Sanusi Nasir Muazu	Sanusi Muazu ; SN Muazu ; SM Muazu	2 Mechanised Division	Commander	General Officer Commanding	Major General
a289bf40-5936-4c11-b7ac-41b52cc636b6	name	Sunday Idoko	Idoko ; Sunday O. Idoko ; S.O Idoko	3 Armoured Division	Commander	General Officer Commanding	Major General
a2922c4e-d151-4b62-b0e1-bfe41d1af48c	name	Abdulrahman Danbazzau	AB Dambazau ; Abdulrahaman Dambazau ; AB Danabazzau ; Abuja Danbazzau	Nigerian Army Headquarters	Commander	Chief of Army Staff	Lieutenant General
a2922c4e-d151-4b62-b0e1-bfe41d1af48c	name	Emeka CG Nwanguna	Eugene Nwanguma ; Eugene Nwanjuma	81 Division	Commander	General Officer Commanding	Major General
a2922c4e-d151-4b62-b0e1-bfe41d1af48c	name	Saleh Maina	S. Maina	3 Armoured Division	Commander	General Officer Commanding	Major General
a2922c4e-d151-4b62-b0e1-bfe41d1af48c	name	Lawrence Ngubane		2 Mechanised Division	Commander	General Officer Commanding	Major General
a2922c4e-d151-4b62-b0e1-bfe41d1af48c	name	Kamaldeen Role	KA Role	1 Mechanised Division	Commander	General Officer Commanding	Major General
a2922c4e-d151-4b62-b0e1-bfe41d1af48c	name	Moses Obi	MB Obi	1 Mechanised Division	Commander	General Officer Commanding	Major General
a2922c4e-d151-4b62-b0e1-bfe41d1af48c	alias	Abdulrahman Danbazzau	AB Dambazau ; Abdulrahaman Dambazau ; AB Danabazzau ; Abuja Danbazzau	Nigerian Army Headquarters	Commander	Chief of Army Staff	Lieutenant General
a2922c4e-d151-4b62-b0e1-bfe41d1af48c	alias	Azubuike Onyeabo Ihejirika	Onyeabo Azubuike Ihejirika ; Azabuike Ihejirika ; Onyeabo Ihejirika ; OA Ihejirika ; Onyeabo Azubike Ihejerika ; O. A. Ihejirika ; Onyeabor Azubuike Ihejirika ; A.O. Ihejirika ; Azubuike Ihiejirika ; Onyeabor Ihejirika ; Augustine Ihejirika ; Ihejirika	Defence Headquarters	Director of Engineering	Director of Engineering	Major General
a2922c4e-d151-4b62-b0e1-bfe41d1af48c	alias	Mohammad Danhanne Issa	Mohammed D. Isah ; Mohammed Isah ; MD Isah	82 Division	Commander	General Officer Commanding	Major General
a2922c4e-d151-4b62-b0e1-bfe41d1af48c	alias	Olakunle Akinyemi	Olayinka Akinyemi ; Ola Akinyemi ; O Akinyemi ; B. Akinyemi ; O. Akinyemi	3 Armoured Division	Commander	General Officer Commanding	Major General
a2c6f7fd-c96b-4577-8694-0a0b402e2751	name	Texas Chukwu		Directorate of Army Public Relations	Commander	Director of Army Public Relations	Brigadier General
a420727a-991b-4b03-9328-a46a16f95aa2	name	Lamidi Adeosun	Adeosun;LO Adeosun;O Adeosun	7 Division	Commander	General Officer Commanding	Major General
a59c863d-ca68-4191-9778-69f31a816d9c	name	Chris Olukolade		Defence Headquarters	Director of Defence Information	Director of Defence Information	Major General
a5ab998f-64fd-4d7a-a0ef-6fb0b6d6c8f0	name	Ambrose Agbedo		Idimu Police Division	Commander	Divisional Police Officer	Chief Superintendent of Police
a7105b41-1e5c-4d6b-8920-ebad5d9e068c	alias	Obida T. Ethnan	Obidah T. Ethan ; Obidah Ethan ; O. T. Etan ; OT Ethan	7 Division	Commander	General Officer Commanding	Major General
a78c84f2-bd87-40fb-8a16-2d5727462f6c	name	Ibrahim Attahiru	I. Attahiru ; I Attahiru	82 Division	Commander	Acting General Officer Commanding	Brigadier General
a8f056ec-010e-4e4a-8f19-73b5bea91fd2	name	Olakunle Akinyemi	Olayinka Akinyemi ; Ola Akinyemi ; O Akinyemi ; B. Akinyemi ; O. Akinyemi	3 Armoured Division	Commander	General Officer Commanding	Major General
a8f056ec-010e-4e4a-8f19-73b5bea91fd2	name	Saleh Maina	S. Maina	3 Armoured Division	Commander	General Officer Commanding	Major General
a90822fc-77bf-48e5-942e-5cb8d1fee32c	alias	Tamunomieibi I. Dibi	Tamunomieibi Dibi ; Tamunomeibi Dibi ; Tanmi Dibi ; T.I. Debi ; TI Dibi ; Tammy Dibi	81 Division	Commander	General Officer Commanding	Major General
aaaec31f-fda5-46f1-9db8-b399f17310c6	alias	Kenneth Tobia Minimah	Kenneth Minima ; KTJ Minimah ; Kenneth T.J Minimah ; Kenneth Minimah ; Keneth T.J Minimah ; Ken Minima ; Kelvin Miminah	Nigerian Army Headquarters	Commander	Chief of Army Staff	Lieutenant General
aba16380-5c24-4aee-885e-d61ce0597e70	alias	Garba Ayodele Wahab	GA Wahab ; Garba Wahab ; Gani Wahab ; Garba A. Wahab	1 Mechanised Division	Commander	General Officer Commanding	Major General
ac45a2cb-34af-450b-9497-d1334af0db1b	name	Ibrahim Attahiru	I. Attahiru ; I Attahiru	82 Division	Commander	Acting General Officer Commanding	Brigadier General
ac88de9e-cfbb-4512-956b-8eaa5f25b54f	alias	Azubuike Onyeabo Ihejirika	Onyeabo Azubuike Ihejirika ; Azabuike Ihejirika ; Onyeabo Ihejirika ; OA Ihejirika ; Onyeabo Azubike Ihejerika ; O. A. Ihejirika ; Onyeabor Azubuike Ihejirika ; A.O. Ihejirika ; Azubuike Ihiejirika ; Onyeabor Ihejirika ; Augustine Ihejirika ; Ihejirika	Nigerian Army Headquarters	Commander	Chief of Army Staff	Lieutenant General
ac88de9e-cfbb-4512-956b-8eaa5f25b54f	alias	Azubuike Onyeabo Ihejirika	Onyeabo Azubuike Ihejirika ; Azabuike Ihejirika ; Onyeabo Ihejirika ; OA Ihejirika ; Onyeabo Azubike Ihejerika ; O. A. Ihejirika ; Onyeabor Azubuike Ihejirika ; A.O. Ihejirika ; Azubuike Ihiejirika ; Onyeabor Ihejirika ; Augustine Ihejirika ; Ihejirika	Nigerian Army	Commander	Chief of Army Staff	Lieutenant General
ac88de9e-cfbb-4512-956b-8eaa5f25b54f	alias	Kenneth Tobia Minimah	Kenneth Minima ; KTJ Minimah ; Kenneth T.J Minimah ; Kenneth Minimah ; Keneth T.J Minimah ; Ken Minima ; Kelvin Miminah	81 Division	Commander	General Officer Commanding	Major General
b12b91b8-63a8-41e1-910a-94d72a0548f7	alias	Yusha'u Mahmood Abubakar	Yusha'u Abubakar ; Yushau Abubakar	Operation Lafiya Dole	Commander	Theatre Commander	Major General
b12b91b8-63a8-41e1-910a-94d72a0548f7	alias	Mohammed Sani Ali	M.S.A. Aliyu ; MSA Aliyu ; Aliyu Aliyu	3 Armoured Division	Commander	Acting General Officer Commanding	Brigadier General
b166faeb-7005-422d-8dd1-b8039edc0705	name	Suleiman Abba		Nigeria Police Force	Commander	Acting Inspector General of Police	Inspector General of Police
b166faeb-7005-422d-8dd1-b8039edc0705	name	Suleiman Abba		Force Headquarters	Commander	Acting Inspector General of Police	Inspector General of Police
b2b830c3-807c-48a3-a37e-6fb63cc08bf2	name	Paul Dike	PC Dike	Defence Headquarters	Commander	Chief of Defence Staff	Air Marshal
b367bbc1-0e17-4114-bae3-542eb49c3631	name	Ibrahim Attahiru	I. Attahiru ; I Attahiru	Directorate of Army Public Relations	Commander	Director of Army Public Relations	Brigadier General
b367bbc1-0e17-4114-bae3-542eb49c3631	name	Olajide Laleye		Directorate of Army Public Relations	Commander	Director of Army Public Relations	Brigadier General
b533adfe-ec48-4fc7-8491-d4e890188506	alias	Tukur Yusufu Buratai	Tukur Buratai;Tukur Yusuf Buratai;Yusuf Tukur Buratai;T.Y. Buratai;Tukur Y. Buratai;Yusuf Buratai;TY Buratai	Nigerian Army Headquarters	Commander	Chief of Army Staff	Lieutenant General
b533adfe-ec48-4fc7-8491-d4e890188506	alias	Tukur Yusufu Buratai	Tukur Buratai;Tukur Yusuf Buratai;Yusuf Tukur Buratai;T.Y. Buratai;Tukur Y. Buratai;Yusuf Buratai;TY Buratai	Nigerian Army	Commander	Chief of Army Staff	Lieutenant General
b6cf16e7-151c-4b9f-bd1f-6dd3ef055294	alias	Tukur Yusufu Buratai	Tukur Buratai;Tukur Yusuf Buratai;Yusuf Tukur Buratai;T.Y. Buratai;Tukur Y. Buratai;Yusuf Buratai;TY Buratai	Nigerian Army Headquarters	Commander	Chief of Army Staff	Lieutenant General
b6cf16e7-151c-4b9f-bd1f-6dd3ef055294	alias	Tukur Yusufu Buratai	Tukur Buratai;Tukur Yusuf Buratai;Yusuf Tukur Buratai;T.Y. Buratai;Tukur Y. Buratai;Yusuf Buratai;TY Buratai	Nigerian Army	Commander	Chief of Army Staff	Lieutenant General
b7fde9d1-2bfa-4bb9-a08c-f2e29c756081	alias	Azubuike Onyeabo Ihejirika	Onyeabo Azubuike Ihejirika ; Azabuike Ihejirika ; Onyeabo Ihejirika ; OA Ihejirika ; Onyeabo Azubike Ihejerika ; O. A. Ihejirika ; Onyeabor Azubuike Ihejirika ; A.O. Ihejirika ; Azubuike Ihiejirika ; Onyeabor Ihejirika ; Augustine Ihejirika ; Ihejirika	Nigerian Army Headquarters	Commander	Chief of Army Staff	Lieutenant General
b7fde9d1-2bfa-4bb9-a08c-f2e29c756081	alias	Azubuike Onyeabo Ihejirika	Onyeabo Azubuike Ihejirika ; Azabuike Ihejirika ; Onyeabo Ihejirika ; OA Ihejirika ; Onyeabo Azubike Ihejerika ; O. A. Ihejirika ; Onyeabor Azubuike Ihejirika ; A.O. Ihejirika ; Azubuike Ihiejirika ; Onyeabor Ihejirika ; Augustine Ihejirika ; Ihejirika	Nigerian Army	Commander	Chief of Army Staff	Lieutenant General
b917cf37-9202-4c84-bfc6-517196ff9d04	alias	Kamaldeen Role	KA Role	1 Mechanised Division	Commander	General Officer Commanding	Major General
ba9dfc0a-9100-4268-a0be-8ff285891d30	name	Ibrahim Attahiru	I. Attahiru ; I Attahiru	82 Division	Commander	General Officer Commanding	Major General
baee185f-1173-44ac-86cc-39571202c0a6	alias	Ebiobowei Bonna Awala	Ebobowei Bona Awala ; Ebiobowei Awala ; E.B Awala ; EB Awala	3 Armoured Division	Commander	General Officer Commanding	Major General
bb18283d-e1f4-438e-b7d7-be275b5086f8	name	Ibrahim Attahiru	I. Attahiru ; I Attahiru	Operation Lafiya Dole	Commander	Theatre Commander	Major General
bb63b226-f564-47bc-a3f4-c4cbd582051e	alias	Adamu T. Ibrahim	Adamu Ibrahim ; A. T. Ibrahim ; AT Ibrahim	82 Division	Commander	General Officer Commanding	Major General
bbac1cf1-2414-4be2-b566-32d40004b45a	name	Joseph Shoboiki	J.O Shoboiki ; Shoboiki ; J.O Shobeke	1 Mechanised Division	Commander	General Officer Commanding	Major General
bbac1cf1-2414-4be2-b566-32d40004b45a	alias	Azubuike Onyeabo Ihejirika	Onyeabo Azubuike Ihejirika ; Azabuike Ihejirika ; Onyeabo Ihejirika ; OA Ihejirika ; Onyeabo Azubike Ihejerika ; O. A. Ihejirika ; Onyeabor Azubuike Ihejirika ; A.O. Ihejirika ; Azubuike Ihiejirika ; Onyeabor Ihejirika ; Augustine Ihejirika ; Ihejirika	Nigerian Army Headquarters	Commander	Chief of Army Staff	Lieutenant General
bbac1cf1-2414-4be2-b566-32d40004b45a	alias	Azubuike Onyeabo Ihejirika	Onyeabo Azubuike Ihejirika ; Azabuike Ihejirika ; Onyeabo Ihejirika ; OA Ihejirika ; Onyeabo Azubike Ihejerika ; O. A. Ihejirika ; Onyeabor Azubuike Ihejirika ; A.O. Ihejirika ; Azubuike Ihiejirika ; Onyeabor Ihejirika ; Augustine Ihejirika ; Ihejirika	Nigerian Army	Commander	Chief of Army Staff	Lieutenant General
bbac1cf1-2414-4be2-b566-32d40004b45a	alias	Emeka CG Nwanguna	Eugene Nwanguma ; Eugene Nwanjuma	81 Division	Commander	General Officer Commanding	Major General
bbac1cf1-2414-4be2-b566-32d40004b45a	alias	Kamaldeen Role	KA Role	1 Mechanised Division	Commander	General Officer Commanding	Major General
bf0b4628-a7a4-478b-9604-be6f2f6df284	name	Jonathan Ango		Western Naval Command	Commander	Flag Officer Commanding	Rear Admiral
bf0b4628-a7a4-478b-9604-be6f2f6df284	alias	Tamunomieibi I. Dibi	Tamunomieibi Dibi ; Tamunomeibi Dibi ; Tanmi Dibi ; T.I. Debi ; TI Dibi ; Tammy Dibi	81 Division	Commander	General Officer Commanding	Major General
bf32e1a3-4e23-4036-86c3-d7367c8d1da9	alias	Adeniyi Oyabade	Adeniyi Oyebade	1 Mechanised Division	Commander	General Officer Commanding	Major General
bf7f6415-99a0-40ef-adf4-709e3d53935b	alias	Obida T. Ethnan	Obidah T. Ethan ; Obidah Ethan ; O. T. Etan ; OT Ethan	7 Division	Commander	General Officer Commanding	Major General
c33d75b1-a026-40e6-92a3-fe0ee1aa75c2	name	Texas Chukwu		Directorate of Army Public Relations	Commander	Director of Army Public Relations	Brigadier General
c33d75b1-a026-40e6-92a3-fe0ee1aa75c2	name	Abdulmalik Bulama Biu	Bulama Biu;Abdulmalik Biu	7 Division	Commander	Acting General Officer Commanding	Brigadier General
c3f65f09-5a83-4bc8-ad01-d23b404f4989	alias	Lamidi Adeosun	Adeosun;LO Adeosun;O Adeosun	7 Division	Commander	General Officer Commanding	Major General
c69e5624-93f3-41cd-8601-d5324ae8d29d	name	Sunday Idoko	Idoko ; Sunday O. Idoko ; S.O Idoko	3 Armoured Division	Commander	General Officer Commanding	Major General
c82d8cda-c2cd-4299-801c-0b3a736ab122	alias	Mohammad Danhanne Issa	Mohammed D. Isah ; Mohammed Isah ; MD Isah	82 Division	Commander	General Officer Commanding	Major General
c8bc3668-4ee8-4c50-b2e4-b82816c141ef	name	Saleh Maina	S. Maina	3 Armoured Division	Commander	General Officer Commanding	Major General
c90dca61-35e9-4004-bd34-88344c4bbf26	alias	Kenneth Tobia Minimah	Kenneth Minima ; KTJ Minimah ; Kenneth T.J Minimah ; Kenneth Minimah ; Keneth T.J Minimah ; Ken Minima ; Kelvin Miminah	Nigerian Army Headquarters	Commander	Chief of Army Staff	Lieutenant General
ca6cd9b7-d92f-4c50-9c15-c661c2c4376d	alias	Kenneth Tobia Minimah	Kenneth Minima ; KTJ Minimah ; Kenneth T.J Minimah ; Kenneth Minimah ; Keneth T.J Minimah ; Ken Minima ; Kelvin Miminah	81 Division	Commander	General Officer Commanding	Major General
ca6cd9b7-d92f-4c50-9c15-c661c2c4376d	alias	Obi Abel Umahi	Obi Abel Omahi;Obi A. Umahi;Obi Omahi;Abel Umahi;Obi Umahie;OA Umahi;Obi Umahi;Unahi Obi	81 Division	Commander	General Officer Commanding	Major General
ca6cd9b7-d92f-4c50-9c15-c661c2c4376d	alias	Ahmed Tijani Jibrin	AT Jibrin ; A. T Jibrin ; Ahmad Jibrin	2 Mechanised Division	Commander	General Officer Commanding	Major General
ca6cd9b7-d92f-4c50-9c15-c661c2c4376d	alias	Mohammed Abubakar	MD Abubakar ; M.D. Abubakar ; M.D Abubakar ; MD Mohammed	2 Mechanised Division	Commander	General Officer Commanding	Major General
ca9507f3-f385-4b3c-8a18-13a5eca53c9f	name	Mohammed Sani Saleh	Sani Saleh ; Maina Saleh ; MS Saleh	2 Mechanised Division	Commander	General Officer Commanding	Major General
cd2518d9-5399-4a89-aca4-cade1f015461	name	Adamu Marwa	Adamu Buba Marwa	3 Armoured Division	Commander	General Officer Commanding	Major General
cfa4d127-c092-4d43-a409-897f5a4081cc	name	Ola Sa'ad Ibrahim	Ola Sa'ad Ibrahim ; Ola Ibrahim ; Ole Sa'ad Ibrahim ; Ola Ibrahim Sa'ad ; Ola Saa'ad Ibrahim	Defence Headquarters	Commander	Chief of Defence Staff	Admiral
cfa4d127-c092-4d43-a409-897f5a4081cc	alias	Azubuike Onyeabo Ihejirika	Onyeabo Azubuike Ihejirika ; Azabuike Ihejirika ; Onyeabo Ihejirika ; OA Ihejirika ; Onyeabo Azubike Ihejerika ; O. A. Ihejirika ; Onyeabor Azubuike Ihejirika ; A.O. Ihejirika ; Azubuike Ihiejirika ; Onyeabor Ihejirika ; Augustine Ihejirika ; Ihejirika	Nigerian Army Headquarters	Commander	Chief of Army Staff	Lieutenant General
cfa4d127-c092-4d43-a409-897f5a4081cc	alias	Kenneth Tobia Minimah	Kenneth Minima ; KTJ Minimah ; Kenneth T.J Minimah ; Kenneth Minimah ; Keneth T.J Minimah ; Ken Minima ; Kelvin Miminah	Nigerian Army Headquarters	Commander	Chief of Army Staff	Lieutenant General
cfa4d127-c092-4d43-a409-897f5a4081cc	alias	Azubuike Onyeabo Ihejirika	Onyeabo Azubuike Ihejirika ; Azabuike Ihejirika ; Onyeabo Ihejirika ; OA Ihejirika ; Onyeabo Azubike Ihejerika ; O. A. Ihejirika ; Onyeabor Azubuike Ihejirika ; A.O. Ihejirika ; Azubuike Ihiejirika ; Onyeabor Ihejirika ; Augustine Ihejirika ; Ihejirika	Nigerian Army	Commander	Chief of Army Staff	Lieutenant General
cfa4d127-c092-4d43-a409-897f5a4081cc	alias	Alex Sabunduh Badeh	Alex Badeh ; Alex Sabundu Badeh	Defence Headquarters	Commander	Chief of Defence Staff	Air Chief Marshal
d0242be6-748c-49c1-805e-781982d2ade8	alias	Obi Abel Umahi	Obi Abel Omahi;Obi A. Umahi;Obi Omahi;Abel Umahi;Obi Umahie;OA Umahi;Obi Umahi;Unahi Obi	81 Division	Commander	General Officer Commanding	Major General
d0381937-4a5a-496e-ad2f-c3ee9043a93f	name	Chris Olukolade		Defence Headquarters	Director of Defence Information	Director of Defence Information	Brigadier General
d13c203d-33ed-425a-aba6-4f53ed199fc7	name	RA Ojuawo		Tactical Air Command	Commander	Air Officer Commanding	Air Vice Marshal
d1c0ca05-e9e9-4615-b996-ced14ae53311	alias	Adebayor Olanniyi	Adebayo Olaniyi ; Adebayor Olaniyi	82 Division	Commander	General Officer Commanding	Major General
d43c3d21-d486-4423-842e-90adae33724d	alias	Hassan Umoru	Hassan Umar ; Hassan Umaru ; HA Umaru ; H. Umaru ; H Umaru	3 Armoured Division	Commander	General Officer Commanding	Major General
d732f15f-f54c-4716-9429-8a4a5636c912	alias	Kenneth Tobia Minimah	Kenneth Minima ; KTJ Minimah ; Kenneth T.J Minimah ; Kenneth Minimah ; Keneth T.J Minimah ; Ken Minima ; Kelvin Miminah	Nigerian Army Headquarters	Commander	Chief of Army Staff	Lieutenant General
d76f4d12-8c45-4724-9912-9f698b2929dc	alias	Adeniyi Oyabade	Adeniyi Oyebade	1 Mechanised Division	Commander	General Officer Commanding	Major General
d8bf80b6-98be-4bde-86bf-d495503bc984	name	Adamu Baba Abubakar	Adamu Abubakar	82 Division	Commander	General Officer Commanding	Major General
d8c1e434-858d-4f9b-b306-001c9224b9b0	name	Sunday Idoko	Idoko ; Sunday O. Idoko ; S.O Idoko	3 Armoured Division	Commander	General Officer Commanding	Major General
d9090269-1988-420d-a0fc-2085c0066a92	name	Adamu Aliyu		1 Battalion	Commander	Acting Commanding Officer	Captain
d9ae6e20-eb12-4c81-9286-32756ea33a82	alias	Azubuike Onyeabo Ihejirika	Onyeabo Azubuike Ihejirika ; Azabuike Ihejirika ; Onyeabo Ihejirika ; OA Ihejirika ; Onyeabo Azubike Ihejerika ; O. A. Ihejirika ; Onyeabor Azubuike Ihejirika ; A.O. Ihejirika ; Azubuike Ihiejirika ; Onyeabor Ihejirika ; Augustine Ihejirika ; Ihejirika	Nigerian Army Headquarters	Commander	Chief of Army Staff	Lieutenant General
d9ae6e20-eb12-4c81-9286-32756ea33a82	alias	Azubuike Onyeabo Ihejirika	Onyeabo Azubuike Ihejirika ; Azabuike Ihejirika ; Onyeabo Ihejirika ; OA Ihejirika ; Onyeabo Azubike Ihejerika ; O. A. Ihejirika ; Onyeabor Azubuike Ihejirika ; A.O. Ihejirika ; Azubuike Ihiejirika ; Onyeabor Ihejirika ; Augustine Ihejirika ; Ihejirika	Nigerian Army	Commander	Chief of Army Staff	Lieutenant General
de94c77e-8b02-4940-980d-f090f1e7a4b3	alias	Sunday Idoko	Idoko ; Sunday O. Idoko ; S.O Idoko	Department of Army Logistics	Commander	Chief of Army Logistics	Major General
de94c77e-8b02-4940-980d-f090f1e7a4b3	alias	Sunday Idoko	Idoko ; Sunday O. Idoko ; S.O Idoko	82 Division	Commander	General Officer Commanding	Major General
de94c77e-8b02-4940-980d-f090f1e7a4b3	alias	Jack Okechukwu Nwaogbo	Jack O. Nwaogbo ; Jack Nwaogbo ; Jack Nwogbo ; Jack Nwaoga ; J. O. Nwaogbo ; Nwoga ; Okechukwu Nwaogbo	3 Armoured Division	Commander	General Officer Commanding	Major General
dfb43e98-9ee5-44be-9770-cac6c5e11d17	name	Hassan Umoru	Hassan Umar ; Hassan Umaru ; HA Umaru ; H. Umaru ; H Umaru	Operation Lafiya Dole	Commander	Theatre Commander	Major General
dfb43e98-9ee5-44be-9770-cac6c5e11d17	name	Hassan Umoru	Hassan Umar ; Hassan Umaru ; HA Umaru ; H. Umaru ; H Umaru	3 Armoured Division	Commander	General Officer Commanding	Major General
e12a7970-4bda-477a-b8ee-7dcc64b51bb8	alias	Kenneth Osuji	KC Osuji ; K.C Osuji	1 Mechanised Division	Commander	General Officer Commanding	Major General
e12a7970-4bda-477a-b8ee-7dcc64b51bb8	alias	Moses Obi	MB Obi	1 Mechanised Division	Commander	General Officer Commanding	Major General
e20c003f-b64d-4196-87fe-18edbe3c2259	alias	Sanusi Nasir Muazu	Sanusi Muazu ; SN Muazu ; SM Muazu	2 Mechanised Division	Commander	General Officer Commanding	Major General
e408924f-c68f-4723-9b08-1db4172c851e	name	Alexander Ogomudia		Nigerian Army Headquarters	Commander	Chief of Army Staff	Lieutenant General
e408924f-c68f-4723-9b08-1db4172c851e	name	Alexander Ogomudia		Nigerian Army	Commander	Chief of Army Staff	Lieutenant General
e408924f-c68f-4723-9b08-1db4172c851e	name	Adeniyi Sangotade		82 Division	Commander	General Officer Commanding	Major General
e48764f9-b89b-4ac8-b2a4-6b5d37ffb07d	alias	Ola Sa'ad Ibrahim	Ola Sa'ad Ibrahim ; Ola Ibrahim ; Ole Sa'ad Ibrahim ; Ola Ibrahim Sa'ad ; Ola Saa'ad Ibrahim	Defence Headquarters	Commander	Chief of Defence Staff	Admiral
e4dbed3c-8b08-4325-b239-86d1e9b2f574	name	Chris Olukolade		Defence Headquarters	Director of Defence Information	Director of Defence Information	Major General
e6229f5c-fe49-4fa2-b296-6cbc8ee0013d	name	Chukwunedum Abraham		2 Mechanised Division	Commander	General Officer Commanding	Major General
e6fe5fa5-4cbb-4b19-8ad7-4c47769b745b	alias	John Zaruwa	J.S. Zaruwa ; Zaruwa ; Mohammed Zaruwa ; JS Zaruwa ; JS Zaruw	3 Armoured Division	Commander	General Officer Commanding	Major General
e7542a2c-23f6-4cf9-bf3f-88b92ac16210	name	Sanyel Tizhe		Borno State Police Command	Police Public Relations Officer	Police Public Relations Officer	Assistant Superintendent of Police
e7624061-1fee-47c0-b3ff-d0d5a8800e9b	name	Peter Dauke		3 Armoured Division	Commander	General Officer Commanding	Major General
e94b444c-331b-4c3f-a806-34299fcc4b89	name	Enobong Udoh		81 Division	Commander	General Officer Commanding	Major General
e979fd13-cefc-4081-8386-3726c9576970	name	Adamu Marwa	Adamu Buba Marwa	3 Armoured Division	Commander	General Officer Commanding	Major General
e979fd13-cefc-4081-8386-3726c9576970	alias	Azubuike Onyeabo Ihejirika	Onyeabo Azubuike Ihejirika ; Azabuike Ihejirika ; Onyeabo Ihejirika ; OA Ihejirika ; Onyeabo Azubike Ihejerika ; O. A. Ihejirika ; Onyeabor Azubuike Ihejirika ; A.O. Ihejirika ; Azubuike Ihiejirika ; Onyeabor Ihejirika ; Augustine Ihejirika ; Ihejirika	Nigerian Army Headquarters	Commander	Chief of Army Staff	Lieutenant General
e979fd13-cefc-4081-8386-3726c9576970	alias	Azubuike Onyeabo Ihejirika	Onyeabo Azubuike Ihejirika ; Azabuike Ihejirika ; Onyeabo Ihejirika ; OA Ihejirika ; Onyeabo Azubike Ihejerika ; O. A. Ihejirika ; Onyeabor Azubuike Ihejirika ; A.O. Ihejirika ; Azubuike Ihiejirika ; Onyeabor Ihejirika ; Augustine Ihejirika ; Ihejirika	Nigerian Army	Commander	Chief of Army Staff	Lieutenant General
eb2bf65d-f637-401e-96b8-beff83e8c912	name	Joseph Owonibi	Owonibi	3 Armoured Division	Commander	General Officer Commanding	Major General
eb2cd201-ee72-4d8c-898b-386a21f9f2bb	alias	Isaac Obiakor	CI Obiakor ; Isaac	2 Mechanised Division	Commander	General Officer Commanding	Major General
eb517afd-319c-4949-9a40-63752bef4001	name	Adamu Abubakar		82 Division	Commander	General Officer Commanding	Major General
edcbbdaf-79fe-4e68-b255-91181e8c5962	name	Chris Olukolade		Defence Headquarters	Director of Defence Information	Director of Defence Information	Major General
edcbbdaf-79fe-4e68-b255-91181e8c5962	alias	Azubuike Onyeabo Ihejirika	Onyeabo Azubuike Ihejirika ; Azabuike Ihejirika ; Onyeabo Ihejirika ; OA Ihejirika ; Onyeabo Azubike Ihejerika ; O. A. Ihejirika ; Onyeabor Azubuike Ihejirika ; A.O. Ihejirika ; Azubuike Ihiejirika ; Onyeabor Ihejirika ; Augustine Ihejirika ; Ihejirika	Nigerian Army Headquarters	Commander	Chief of Army Staff	Lieutenant General
edcbbdaf-79fe-4e68-b255-91181e8c5962	alias	Azubuike Onyeabo Ihejirika	Onyeabo Azubuike Ihejirika ; Azabuike Ihejirika ; Onyeabo Ihejirika ; OA Ihejirika ; Onyeabo Azubike Ihejerika ; O. A. Ihejirika ; Onyeabor Azubuike Ihejirika ; A.O. Ihejirika ; Azubuike Ihiejirika ; Onyeabor Ihejirika ; Augustine Ihejirika ; Ihejirika	Nigerian Army	Commander	Chief of Army Staff	Lieutenant General
eeb8a422-93b2-456f-8874-68eedeace90c	name	Ibrahim Attahiru	I. Attahiru ; I Attahiru	Operation Lafiya Dole	Commander	Theatre Commander	Major General
eeb8a422-93b2-456f-8874-68eedeace90c	name	Lucky Irabor		Operation Lafiya Dole	Commander	Theatre Commander	Major General
eeb8a422-93b2-456f-8874-68eedeace90c	name	Lucky Irabor		Multinational Joint Task Force	Commander	Force Commander	Major General
ef0096ed-e1db-4c3e-b8a3-259c9bec5063	name	Ahmed Tijani Jibrin	AT Jibrin ; A. T Jibrin ; Ahmad Jibrin	2 Mechanised Division	Commander	General Officer Commanding	Major General
ef0096ed-e1db-4c3e-b8a3-259c9bec5063	name	Emmanuel Abejirin	EF Abejirin ; E.F. Abejerin	2 Mechanised Division	Commander	General Officer Commanding	Major General
efd4f30d-9d8e-4df4-8fac-5ef7b8c3135e	name	L.C. Ilo	LC Ilo	2 Mechanised Division	Commander	General Officer Commanding	Major General
efd4f30d-9d8e-4df4-8fac-5ef7b8c3135e	alias	Adeniyi Oyabade	Adeniyi Oyebade	1 Mechanised Division	Commander	General Officer Commanding	Major General
f1f26a4f-10e2-4ce4-a00d-bf614c1efefb	name	Texas Chukwu		Directorate of Army Public Relations	Commander	Director of Army Public Relations	Brigadier General
f22167e9-0586-44c4-9690-d3a46fd769d0	name	Saleh Maina	S. Maina	3 Armoured Division	Commander	General Officer Commanding	Major General
f22167e9-0586-44c4-9690-d3a46fd769d0	name	Lawrence Ngubane		2 Mechanised Division	Commander	General Officer Commanding	Major General
f22167e9-0586-44c4-9690-d3a46fd769d0	alias	Mohammad Danhanne Issa	Mohammed D. Isah ; Mohammed Isah ; MD Isah	82 Division	Commander	General Officer Commanding	Major General
f22167e9-0586-44c4-9690-d3a46fd769d0	alias	Sakin-Yaki Bello	Sakin Yakin-Bello ; SY Bello ; Sarkin-Yaki Bello ; Y. Bello ; Sarikiyaki Bello ; Sarkin Yakin Bello ; Sarki Bello ; Seriki Yaki Bello ; Sarkin Bello ; Sarki-Yaki Bello ; Sarkin Yaki-Bello ; Sarki Y. Bello	82 Division	Commander	General Officer Commanding	Major General
f22167e9-0586-44c4-9690-d3a46fd769d0	alias	Emeka CG Nwanguna	Eugene Nwanguma ; Eugene Nwanjuma	81 Division	Commander	General Officer Commanding	Major General
f22167e9-0586-44c4-9690-d3a46fd769d0	alias	Kenneth Tobia Minimah	Kenneth Minima ; KTJ Minimah ; Kenneth T.J Minimah ; Kenneth Minimah ; Keneth T.J Minimah ; Ken Minima ; Kelvin Miminah	81 Division	Commander	General Officer Commanding	Major General
f22167e9-0586-44c4-9690-d3a46fd769d0	alias	Sunday Idoko	Idoko ; Sunday O. Idoko ; S.O Idoko	3 Armoured Division	Commander	General Officer Commanding	Major General
f22167e9-0586-44c4-9690-d3a46fd769d0	alias	Mohammed Abubakar	MD Abubakar ; M.D. Abubakar ; M.D Abubakar ; MD Mohammed	2 Mechanised Division	Commander	General Officer Commanding	Major General
f22167e9-0586-44c4-9690-d3a46fd769d0	alias	Joseph Shoboiki	J.O Shoboiki ; Shoboiki ; J.O Shobeke	1 Mechanised Division	Commander	General Officer Commanding	Major General
f22167e9-0586-44c4-9690-d3a46fd769d0	alias	Kamaldeen Role	KA Role	1 Mechanised Division	Commander	General Officer Commanding	Major General
f3dd4b96-e621-4a6f-a3bb-b74d8f7364db	alias	Obi Abel Umahi	Obi Abel Omahi;Obi A. Umahi;Obi Omahi;Abel Umahi;Obi Umahie;OA Umahi;Obi Umahi;Unahi Obi	81 Division	Commander	General Officer Commanding	Major General
f3ea7c54-9938-4532-9bd9-5cf1b7dceb10	name	Ita Selong		Patani Police Division	Commander	Divisional Police Officer	Superintendent
f4888dff-c139-4938-80b2-4d864725007f	name	Ahmadu Mohammed	Mohammed Abdulkadir ; Abdulkadir ; A Mohammed	7 Division	Commander	General Officer Commanding	Major General
f4888dff-c139-4938-80b2-4d864725007f	name	Obida T. Ethnan	Obidah T. Ethan ; Obidah Ethan ; O. T. Etan ; OT Ethan	7 Division	Commander	General Officer Commanding	Major General
f6654e47-be8f-4676-8abf-d11ae91b1d3b	name	Abubakar Ibrahim		3 Armoured Division Garrison	Chief of Staff	Chief of Staff	Brigadier General
f6654e47-be8f-4676-8abf-d11ae91b1d3b	name	Aliyu Abdullahi		3 Armoured Division	Chief of Staff	Chief of Staff	Brigadier General
f6654e47-be8f-4676-8abf-d11ae91b1d3b	name	Benjamin Ahanotu (3 Armoured Division)		3 Armoured Division	Commander	General Officer Commanding	Major General
fb5b60cc-ac5d-4bce-80d3-ab0e8579af04	name	Aba Popoola	ABA Popoola ; Popoola	23 Armoured Brigade	Commander	Acting Commander	Colonel
fc540839-d2cf-4752-a913-6012fb15e9aa	alias	Kenneth Tobia Minimah	Kenneth Minima ; KTJ Minimah ; Kenneth T.J Minimah ; Kenneth Minimah ; Keneth T.J Minimah ; Ken Minima ; Kelvin Miminah	81 Division	Commander	General Officer Commanding	Major General
fe91aabe-38b0-458d-8a55-8032b0e40ed1	alias	Jack Okechukwu Nwaogbo	Jack O. Nwaogbo ; Jack Nwaogbo ; Jack Nwogbo ; Jack Nwaoga ; J. O. Nwaogbo ; Nwoga ; Okechukwu Nwaogbo	3 Armoured Division	Commander	General Officer Commanding	Major General
fe91aabe-38b0-458d-8a55-8032b0e40ed1	alias	Garba Ayodele Wahab	GA Wahab ; Garba Wahab ; Gani Wahab ; Garba A. Wahab	1 Mechanised Division	Commander	General Officer Commanding	Major General
