source,title,page,published_on,access_date,source_url,archive_url,archive_timestamp,source_id,alias_source_id,country,key,publication_title,new_pub_id
002fcbe4-503c-400d-8cc0-77a395570ade,Military Recaptures Bama As More Insurgents Are Killed in Adamawa,,2015-03-11,,http://www.thisdaylive.com/articles/military-recaptures-bama-as-more-insurgents-are-killed-in-adamawa/203836/,https://web.archive.org/web/20150330042016/http://www.thisdaylive.com/articles/military-recaptures-bama-as-more-insurgents-are-killed-in-adamawa/203836/,2015-03-30T04:20:16,002fcbe4-503c-400d-8cc0-77a395570ade,,Nigeria,NigeriaThis Day,This Day,a3a288a6-0200-4f87-936b-f525342f291a
00d9bab2-fd38-43c8-8f20-0d89570010ae,Army Withdraws Troops From Lagos Security Outfit,,2012-02-08,,http://allafrica.com/stories/201202090963.html,No archive available,,00d9bab2-fd38-43c8-8f20-0d89570010ae,,United Kingdom,United KingdomThe Moment,The Moment,3dc08678-6dab-4ae9-ae03-49dd16373d37
017326a6-80d1-44de-ad81-a72f47318254,Why insecurity is escalating – Buratai,,2017-08-05,,http://thenationonlineng.net/insecurity-escalating-buratai/,https://web.archive.org/web/20170906155743/http://thenationonlineng.net/insecurity-escalating-buratai/,2017-09-06T15:57:43,017326a6-80d1-44de-ad81-a72f47318254,,Nigeria,NigeriaThe Nation,The Nation,a8df2f4e-c4b2-4329-bf08-d6b525996d07
01a93cea-4492-4554-a59c-aaad75daa2d7,Army Chief Commends Akwa Ibom Government On Niger Delta Crisis,,2007-10-17,,http://allafrica.com/stories/200710170114.html,No archive available,,01a93cea-4492-4554-a59c-aaad75daa2d7,,Nigeria,NigeriaLeadership,Leadership,8f96e06a-1bfa-47a4-b05f-e6360770aca4
02dba175-d2cf-4eb1-87d5-22207adb3155,Crime - Army to Deploy Soldiers to Ogun,,2012-11-21,,http://allafrica.com/stories/201211210812.html,No archive available,,02dba175-d2cf-4eb1-87d5-22207adb3155,,Nigeria,NigeriaDaily Trust,Daily Trust,ffc4fc8e-45e1-4ddb-9faa-55c7e16f81ee
043dfc11-fa5b-4381-8769-7763eef70a1d,Nigeria to deploy 700 soldiers for Peace Keeping Operations in Liberia- Army,,2013-09-06,,https://www.premiumtimesng.com/news/144259-nigerian-deploy-700-soldiers-peace-keeping-operations-liberia-army.html,https://web.archive.org/web/20130910195411/https://www.premiumtimesng.com/news/144259-nigerian-deploy-700-soldiers-peace-keeping-operations-liberia-army.html,2013-09-10T19:54:11,043dfc11-fa5b-4381-8769-7763eef70a1d,,Nigeria,NigeriaPremium Times,Premium Times,80936b96-33ba-406a-babe-7abd5b0391f0
047b7dbf-b4e6-4848-b868-0ad63d226aa4,"Boko Haram in Four-Hour Reign of Terror, Kills 35 in Yobe",,2014-05-28,,http://www.vanguardngr.com/2014/05/boko-haram-four-hour-reign-terror-kills-35-yobe/,https://web.archive.org/web/20150111171221/http://www.vanguardngr.com/2014/05/boko-haram-four-hour-reign-terror-kills-35-yobe/,2015-01-11T17:12:21,047b7dbf-b4e6-4848-b868-0ad63d226aa4,,Nigeria,NigeriaVanguard,Vanguard,33dae0fb-dbca-4d74-8e52-032b7c337789
07c77b18-66b2-42dc-83be-82da10e9ceec,Owoseni replaces Aderanti as Lagos CP,,2015-07-02,,http://guardian.ng/news/metro/owoseni-replaces-aderanti-as-lagos-cp/,https://web.archive.org/web/20160627144853/http://guardian.ng/news/metro/owoseni-replaces-aderanti-as-lagos-cp/,2016-06-27T14:48:53,07c77b18-66b2-42dc-83be-82da10e9ceec,,Nigeria,NigeriaThe Guardian,The Guardian,966737d1-e1b8-4498-8a96-9b42eceb25d3
07eb86a9-ddb5-4051-a3c5-b5b0892fabbe,Troops welfare: Army to review fees in command schools,,2016-07-22,,http://www.vanguardngr.com/2016/07/troops-welfare-army-review-fees-command-schools/,https://web.archive.org/web/20160723163707/http://www.vanguardngr.com/2016/07/troops-welfare-army-review-fees-command-schools/,2016-07-23T16:37:07,07eb86a9-ddb5-4051-a3c5-b5b0892fabbe,,Nigeria,NigeriaVanguard,Vanguard,33dae0fb-dbca-4d74-8e52-032b7c337789
09114e09-224f-4615-aeaa-0edb8efecbe9,Sierra-Leone: 'Troops 'Ll Not Be Replaced',,2004-12-16,,http://allafrica.com/stories/200412160303.html,No archive available,,09114e09-224f-4615-aeaa-0edb8efecbe9,,Nigeria,NigeriaThis Day,This Day,a3a288a6-0200-4f87-936b-f525342f291a
0a33bba3-ef02-46e0-897c-0195d43ab626,Nigerian Army | 7 Division,,,,http://army.mil.ng/Nigerian%20Army%20-%207%20%20Division.html,https://web.archive.org/web/20150402101528/http://army.mil.ng/Nigerian%20Army%20-%207%20%20Division.html,2015-04-02T10:15:28,0a33bba3-ef02-46e0-897c-0195d43ab626,,Nigeria,NigeriaNigerian Army,Nigerian Army,0a15e4a0-56bf-440d-bc1a-44a444700ac8
0aedf7c7-979a-4e31-8e21-8089f7e708f8,Mutiny - Soldiers Petition Senate,,2008-10-16,,http://allafrica.com/stories/200810160169.html,,,0aedf7c7-979a-4e31-8e21-8089f7e708f8,,Nigeria,NigeriaVanguard,Vanguard,33dae0fb-dbca-4d74-8e52-032b7c337789
0b4ea4e0-fade-4d35-b449-c36e265795d3,Boko Haram Will Soon Be Contained - GOC,,2012-07-02,,http://www.vanguardngr.com/2012/07/boko-haram-ll-soon-be-contained-goc/,https://web.archive.org/web/20120702163833/http://www.vanguardngr.com/2012/07/boko-haram-ll-soon-be-contained-goc/,2012-07-02T16:38:33,0b4ea4e0-fade-4d35-b449-c36e265795d3,,Nigeria,NigeriaVanguard,Vanguard,33dae0fb-dbca-4d74-8e52-032b7c337789
0c959a83-fa3a-43ba-8eda-c5bb7885c371,Internal Security - Army Modifies Training to Tackle Terrorism,,2011-06-22,,http://allafrica.com/stories/201106230423.html,No archive available,,0c959a83-fa3a-43ba-8eda-c5bb7885c371,,Nigeria,NigeriaThis Day,This Day,a3a288a6-0200-4f87-936b-f525342f291a
0cd93513-4e74-4e85-a347-e698f6a553c2,Army Court Martial's 14 STF Soldiers for 'Gross Misconduct',,2012-05-28,,http://allafrica.com/stories/201205290231.html,No archive available,,0cd93513-4e74-4e85-a347-e698f6a553c2,,Nigeria,NigeriaLeadership,Leadership,8f96e06a-1bfa-47a4-b05f-e6360770aca4
0d12b749-2640-414a-bda6-7b4c9f46ffaa,Nigerian Army Updates Officers On Operations Planning,,2013-04-28,,http://www.channelstv.com/2013/04/28/nigerian-army-updates-officers-on-operations-planning/,https://web.archive.org/web/20160420203208/http://www.channelstv.com/2013/04/28/nigerian-army-updates-officers-on-operations-planning/,2016-04-20T20:32:08,0d12b749-2640-414a-bda6-7b4c9f46ffaa,,Nigeria,NigeriaChannels Television,Channels Television,b1f055ba-0099-47cc-9997-3e910e96fde9
106bf4eb-3464-4d03-8d95-e3802a8369a1,Yar'Adua - Army Restricts Movement of Soldiers,,2010-01-26,,http://allafrica.com/stories/201001260725.html,No archive available,,106bf4eb-3464-4d03-8d95-e3802a8369a1,,Nigeria,NigeriaThis Day,This Day,a3a288a6-0200-4f87-936b-f525342f291a
1269b9a8-4391-4982-9f87-e8946788adfc,"Ops Python Dance 2: GOC 82 Div tours IPOB leader, Nnamdi Kanu’s home town",,2017-09-13,,https://www.vanguardngr.com/2017/09/ops-python-dance-2-goc-82-div-tours-ipob-leader-nnamdi-kanus-home-town/,https://web.archive.org/web/20170914203506/https://www.vanguardngr.com/2017/09/ops-python-dance-2-goc-82-div-tours-ipob-leader-nnamdi-kanus-home-town/,2017-09-14T20:35:06,1269b9a8-4391-4982-9f87-e8946788adfc,,Nigeria,NigeriaVanguard,Vanguard,33dae0fb-dbca-4d74-8e52-032b7c337789
131d3cca-4cf7-47ee-a873-1f0eff8d5ed1,6 Div Commander resumes duty in Port Harcourt,,2017-02-04,,https://www.dailytrust.com.ng/news/general/6-div-commander-resumes-duty-in-port-harcourt/183826.html,https://web.archive.org/web/20170925180604/https://www.dailytrust.com.ng/news/general/6-div-commander-resumes-duty-in-port-harcourt/183826.html,2017-09-25T18:06:04,131d3cca-4cf7-47ee-a873-1f0eff8d5ed1,,Nigeria,NigeriaDaily Trust,Daily Trust,ffc4fc8e-45e1-4ddb-9faa-55c7e16f81ee
152dda04-94ea-496c-a844-17c614fa219c,"Army Arrests 37 Boko Haram Suspects in Lagos, Ogun",,2016-11-18,,https://www.thisdaylive.com/index.php/2016/11/18/army-arrests-37-boko-haram-suspects-in-lagos-ogun/,https://web.archive.org/web/20161121014209/https://www.thisdaylive.com/index.php/2016/11/18/army-arrests-37-boko-haram-suspects-in-lagos-ogun/,2016-11-21T01:42:09,152dda04-94ea-496c-a844-17c614fa219c,,Nigeria,NigeriaThis Day,This Day,a3a288a6-0200-4f87-936b-f525342f291a
15917041-68d6-4577-893d-d100a94ac4e9,Nigeria deploys 700 soldiers to Liberia,,2015-06-26,,http://thenationonlineng.net/nigeria-deploys-700-soldiers-to-liberia/,https://web.archive.org/web/20150927145213/http://thenationonlineng.net/nigeria-deploys-700-soldiers-to-liberia/,2015-09-27T14:52:13,15917041-68d6-4577-893d-d100a94ac4e9,,Nigeria,NigeriaThe Nation,The Nation,a8df2f4e-c4b2-4329-bf08-d6b525996d07
15ae1b7a-984e-492b-913a-7289cd9cbf4a,Amnesty Committee Mulls Conditions for Boko Haram,,2013-04-09,,http://allafrica.com/stories/201304090782.html,No archive available,,15ae1b7a-984e-492b-913a-7289cd9cbf4a,,Nigeria,NigeriaThis Day,This Day,a3a288a6-0200-4f87-936b-f525342f291a
15c50319-cc70-4cae-8116-54a336cac8f7,Much Ado About Dambazau,,2010-03-17,,http://allafrica.com/stories/201003170455.html,No archive available,,15c50319-cc70-4cae-8116-54a336cac8f7,,Nigeria,NigeriaDaily Trust,Daily Trust,ffc4fc8e-45e1-4ddb-9faa-55c7e16f81ee
17a7a0b4-17d8-47bf-9a00-c2c1c99c5685,Boko Haram - Massive Shake-Up in the Army,,2012-02-16,,http://www.vanguardngr.com/2012/02/boko-haram-massive-shake-up-in-the-army/,https://web.archive.org/web/20120713054411/http://www.vanguardngr.com/2012/02/boko-haram-massive-shake-up-in-the-army/?,2012-07-13T05:44:11,17a7a0b4-17d8-47bf-9a00-c2c1c99c5685,,Nigeria,NigeriaVanguard,Vanguard,33dae0fb-dbca-4d74-8e52-032b7c337789
1abd3280-e475-4047-89ab-6f3ed1066106,Sudan: Darfur Crisis: First Batch of Troops Airlifted to Sudan,,2006-03-28,,http://allafrica.com/stories/200603280287.html,No archive available,,1abd3280-e475-4047-89ab-6f3ed1066106,,Nigeria,NigeriaDaily Trust,Daily Trust,ffc4fc8e-45e1-4ddb-9faa-55c7e16f81ee
1baf156c-948b-4c99-aad3-b079246039b8,Nwoga Takes Over At Three Division,,2014-01-11,,http://allafrica.com/stories/201401130501.html,https://web.archive.org/web/20161104151502/http://allafrica.com/stories/201401130501.html,2016-11-04T15:15:02,1baf156c-948b-4c99-aad3-b079246039b8,,Nigeria,NigeriaDaily Trust,Daily Trust,ffc4fc8e-45e1-4ddb-9faa-55c7e16f81ee
1bc14945-bb31-4975-bcd1-fdbf52baea16,"Jonathan Names New CDS, Service Chiefs",,2012-10-05,,http://allafrica.com/stories/201210050526.html,https://web.archive.org/web/20121009070233/http://allafrica.com/stories/201210050526.html,2012-10-09T07:02:33,1bc14945-bb31-4975-bcd1-fdbf52baea16,,Nigeria,NigeriaThis Day,This Day,a3a288a6-0200-4f87-936b-f525342f291a
1c9c49c9-e02f-4bb2-be3d-da22c2f2e7cb,TELEPHONE DIRECTORY OF KEY OFFICERS/AREA COMMANDERS AND DPOS IN L/STATE POLICE COMMAND,,2014,,http://www.lagosstate.gov.ng/lagos_security_numbers.pdf,https://web.archive.org/web/20140630161420/http://www.lagosstate.gov.ng/lagos_security_numbers.pdf,2014-06-30T16:14:20,1c9c49c9-e02f-4bb2-be3d-da22c2f2e7cb,,Nigeria,NigeriaLagos State Government,Lagos State Government,36b1dc27-f30b-4196-a384-47bd10d7d5e2
1cd668a8-d49e-4036-a376-d5ebca3c4f80,EXCLUSIVE: Nigerian Army officially declares 46 soldiers missing,,2016-11-23,,https://www.premiumtimesng.com/news/headlines/216039-exclusive-nigerian-army-officially-declares-46-soldiers-missing.html,https://web.archive.org/web/20161123102341/https://www.premiumtimesng.com/news/headlines/216039-exclusive-nigerian-army-officially-declares-46-soldiers-missing.html,2016-11-23T10:23:41,1cd668a8-d49e-4036-a376-d5ebca3c4f80,,Nigeria,NigeriaPremium Times,Premium Times,80936b96-33ba-406a-babe-7abd5b0391f0
1ce0d76b-6a51-4f65-9326-e28a79605ee2,GOC Urges Army to Be Neutral During Elections,,2010-11-08,,http://allafrica.com/stories/201011080115.html,No archive available,,1ce0d76b-6a51-4f65-9326-e28a79605ee2,,Nigeria,NigeriaDaily Trust,Daily Trust,ffc4fc8e-45e1-4ddb-9faa-55c7e16f81ee
1d3209c9-ee92-4bea-a676-b0011d8ce434,Former President Obasanjo’s Son Shot In Mubi By Boko Haram,,2014-09-08,,Accessed via Lexis,No archive available (Accessed through Lexis),,1d3209c9-ee92-4bea-a676-b0011d8ce434,,Nigeria,NigeriaThe Sun,The Sun,7787a9e0-eb02-4236-a491-0392404b0e64
1e04bb27-6ab6-439c-8382-e94c29965ebb,"Stay Away From Liberian Women, GOC Tells Peacekeeping Troops",,2012-06-19,,http://allafrica.com/stories/201206190747.html,No archive available,,1e04bb27-6ab6-439c-8382-e94c29965ebb,,Nigeria,NigeriaDaily Trust,Daily Trust,ffc4fc8e-45e1-4ddb-9faa-55c7e16f81ee
1f6a8613-bbc2-409b-b584-e26d08b8313d,Nigeria: Unearthing The Truth: Unlawful Killings and Mass Cover-Up in Zaria.,20,2016-04-22,,https://www.amnesty.org/en/documents/afr01/3883/2016/en/,https://web.archive.org/web/20160720154100/https://www.amnesty.org/en/documents/afr01/3883/2016/en/,2016-07-20T15:41:00,1f6a8613-bbc2-409b-b584-e26d08b8313d,,United Kingdom,United KingdomAmnesty International,Amnesty International,2190a9b4-8163-47a6-8461-3157f68c3ba3
1f6ae567-b76c-4a32-a03b-c6794028d5a0,"Army to Boko Haram: Surrender arms, embrace FG amnesty offer",,2018-03-29,2018-09-17,https://www.vanguardngr.com/2018/03/army-boko-haram-surrender-arms-embrace-fg-amnesty-offer/,https://web.archive.org/web/20180917184640/https://www.vanguardngr.com/2018/03/army-boko-haram-surrender-arms-embrace-fg-amnesty-offer/,,1f6ae567-b76c-4a32-a03b-c6794028d5a0,,Nigeria,NigeriaVanguard,Vanguard,33dae0fb-dbca-4d74-8e52-032b7c337789
1fbf7073-00b9-4a26-aaac-f61b1fd38ccd,Soldiers Reprimanded for Role in Liberia,,2007-09-01,,http://allafrica.com/stories/200709030381.html,No archive available,,1fbf7073-00b9-4a26-aaac-f61b1fd38ccd,,Nigeria,NigeriaThis Day,This Day,a3a288a6-0200-4f87-936b-f525342f291a
20964bcf-51b2-4a03-9ea0-c514d4662918,COAS commends Gov. Gaidam for presentation of vehicles to army,,2018-01-06,2018-08-08,https://www.vanguardngr.com/2018/01/coas-commends-gov-gaidam-presentation-vehicles-army/,https://web.archive.org/web/20180808185128/https://www.vanguardngr.com/2018/01/coas-commends-gov-gaidam-presentation-vehicles-army/,,20964bcf-51b2-4a03-9ea0-c514d4662918,,Nigeria,NigeriaVanguard,Vanguard,33dae0fb-dbca-4d74-8e52-032b7c337789
213e3add-1325-4e48-b537-fa015d0a4e72,Boko Haram: Nigerian Army inducts Combat Motorbike battalion into Battle,,2016-02-28,,http://www.vanguardngr.com/2016/02/614927/,https://web.archive.org/web/20160228162501/http://www.vanguardngr.com/2016/02/614927/,2016-02-28T16:25:01,213e3add-1325-4e48-b537-fa015d0a4e72,,Nigeria,NigeriaVanguard,Vanguard,33dae0fb-dbca-4d74-8e52-032b7c337789
227ac966-eb30-432b-904c-2864b0d72861,Security Operatives Rescue Kidnapped Chinese,,2007-06-04,,http://allafrica.com/stories/200706040253.html,No archive available,,227ac966-eb30-432b-904c-2864b0d72861,,Nigeria,NigeriaVanguard,Vanguard,33dae0fb-dbca-4d74-8e52-032b7c337789
23d8e3a4-9085-4bf0-9399-4f8ff24c0f79,Army Deploys More Soldiers to Darfur,,2013-01-12,2018-08-01,https://allafrica.com/stories/201301140462.html,No archive available,,23d8e3a4-9085-4bf0-9399-4f8ff24c0f79,,Nigeria,NigeriaLeadership,Leadership,8f96e06a-1bfa-47a4-b05f-e6360770aca4
2403f9fa-3b7c-4a5c-becc-626fe3e609b9,Military releases 275 suspected Boko Haram detainees,,2016-02-13,,http://www.vanguardngr.com/2016/02/military-releases-275-suspected-boko-haram-detainees/,https://web.archive.org/web/20160215084235/http://www.vanguardngr.com/2016/02/military-releases-275-suspected-boko-haram-detainees/,2016-02-15T08:42:35,2403f9fa-3b7c-4a5c-becc-626fe3e609b9,,Nigeria,NigeriaVanguard,Vanguard,33dae0fb-dbca-4d74-8e52-032b7c337789
24ad030d-abe7-462d-9fb1-829df7df5c68,Taraba violence: Nigerian Army blames politicians as Governor Ishaku denies ordering killing of Fulanis,,2017-06-25,,https://www.premiumtimesng.com/news/headlines/235043-taraba-violence-nigerian-army-blames-politicians-governor-ishaku-denies-ordering-killing-fulanis.html,https://web.archive.org/web/20170625072833/https://www.premiumtimesng.com/news/headlines/235043-taraba-violence-nigerian-army-blames-politicians-governor-ishaku-denies-ordering-killing-fulanis.html,2017-06-25T07:28:33,24ad030d-abe7-462d-9fb1-829df7df5c68,,Nigeria,NigeriaPremium Times,Premium Times,80936b96-33ba-406a-babe-7abd5b0391f0
259b700f-fd2c-422c-85e0-e5011a25c06a,"Army kill 35 bandits, arrest 39 in North West -- GOC",,2016-03-18,,http://nannewsnigeria.com/army-kill-35-bandits-arrest-39-north-west-goc,https://web.archive.org/web/20160411192642/http://nannewsnigeria.com/army-kill-35-bandits-arrest-39-north-west-goc,2016-04-11T19:26:42,259b700f-fd2c-422c-85e0-e5011a25c06a,,Nigeria,NigeriaNews Agency of Nigeria,News Agency of Nigeria,30b475c0-e8db-408b-b2a0-e3ea93241edb
25c08012-69c2-4e12-a85a-604f0eee0df3,Nigerian Army | 81 Division,,,,http://army.mil.ng/Nigerian%20Army%20-%2081%20%20Division.html,https://web.archive.org/web/20150721223312/http://army.mil.ng/Nigerian%20Army%20-%2081%20%20Division.html,2015-07-21T22:33:12,25c08012-69c2-4e12-a85a-604f0eee0df3,,Nigeria,NigeriaNigerian Army,Nigerian Army,0a15e4a0-56bf-440d-bc1a-44a444700ac8
2671af60-5258-47fc-a314-a413256ddf72,"Dickson receives Buratai, urges him to help make Bayelsa foremost tourist, economic hub",,2018-03-05,2018-08-26,https://www.vanguardngr.com/2018/03/dickson-receives-buratai-urges-him-to-help-make-bayelsa-foremost-tourist-economic-hub/,https://web.archive.org/web/20180826001033/https://www.vanguardngr.com/2018/03/dickson-receives-buratai-urges-him-to-help-make-bayelsa-foremost-tourist-economic-hub/,,2671af60-5258-47fc-a314-a413256ddf72,,Nigeria,NigeriaVanguard,Vanguard,33dae0fb-dbca-4d74-8e52-032b7c337789
267c3d00-7421-46c7-9cea-0115b284ae20,"Crush Boko Haram in Three Months, Buhari Orders Military Chiefs",,2015-08-14,,http://allafrica.com/stories/201508140550.html,No archive available,,267c3d00-7421-46c7-9cea-0115b284ae20,,Nigeria,NigeriaDaily Independent,Daily Independent,423a4021-db29-4780-9cee-688d88790af8
27f1d465-80f4-48c0-b190-9d9138aa7f69,680 Nigerian Soldiers Leave for Sudan,,2006-08-12,,http://allafrica.com/stories/200508150069.html,No archive available,,27f1d465-80f4-48c0-b190-9d9138aa7f69,,Nigeria,NigeriaDaily Champion,Daily Champion,6b6ee6fe-96a7-40d5-b67b-948d9d7679d8
2859d1a4-e501-4a5e-9d34-fe7faf6c5815,Ozuah - Police Keep Mum On Fate of Culprits,,2013-02-11,,http://allafrica.com/stories/201302110492.html,No archive available,,2859d1a4-e501-4a5e-9d34-fe7faf6c5815,,Nigeria,NigeriaThis Day,This Day,a3a288a6-0200-4f87-936b-f525342f291a
2de9f5ea-c360-427e-b742-f1ddfa01c0b3,"Troops kill 4, arrest 9 militiamen in Bauchi State",,2018-03-18,2018-07-31,https://www.vanguardngr.com/2018/03/troops-kill-4-arrest-9-militiamen-bauchi-state/,https://web.archive.org/web/20180731125442/https://www.vanguardngr.com/2018/03/troops-kill-4-arrest-9-militiamen-bauchi-state/,,2de9f5ea-c360-427e-b742-f1ddfa01c0b3,,Nigeria,NigeriaVanguard,Vanguard,33dae0fb-dbca-4d74-8e52-032b7c337789
2e620027-244c-4562-8fd4-316399876418,Army Sends More Troops to Darfur,,2007-10-15,,http://allafrica.com/stories/200710151623.html,No archive available,,2e620027-244c-4562-8fd4-316399876418,,Nigeria,NigeriaDaily Trust,Daily Trust,ffc4fc8e-45e1-4ddb-9faa-55c7e16f81ee
2f65f578-59d2-4b4f-8ae4-920927e7e598,GOC: New Security Role Won’t Overwhelm Army,,2013-09-14,2018-08-06,http://www.thisdaylive.com:80/articles/goc-new-security-role-won-t-overwhelm-army/158976,https://web.archive.org/web/20130916231734/http://www.thisdaylive.com:80/articles/goc-new-security-role-won-t-overwhelm-army/158976,,2f65f578-59d2-4b4f-8ae4-920927e7e598,,Nigeria,NigeriaThis Day,This Day,a3a288a6-0200-4f87-936b-f525342f291a
2fc0f588-8af2-4c04-841c-3d44f42b6ffd,"Troops clear Boko Haram in Doksa, Dure",,2016-03-06,,http://www.dailytrust.com.ng/news/general/troops-clear-boko-haram-in-doksa-dure/136754.html,https://web.archive.org/web/20160324033444/http://www.dailytrust.com.ng/news/general/troops-clear-boko-haram-in-doksa-dure/136754.html,2016-03-24T03:34:44,2fc0f588-8af2-4c04-841c-3d44f42b6ffd,,Nigeria,NigeriaDaily Trust,Daily Trust,ffc4fc8e-45e1-4ddb-9faa-55c7e16f81ee
2fc7b634-375c-4cad-a662-e18ce2e6d533,Army Goc Warns Soldiers Against Civilians,,2007-09-24,,http://allafrica.com/stories/200709240888.html,No archive available,,2fc7b634-375c-4cad-a662-e18ce2e6d533,,Nigeria,NigeriaLeadership,Leadership,8f96e06a-1bfa-47a4-b05f-e6360770aca4
30ac2f1e-a64f-43c4-a3e3-eb6453feae97,Army Presence Will Beef Up Security in Jigawa - Lamido,,2008-08-02,,http://allafrica.com/stories/200808040597.html,No archive available,,30ac2f1e-a64f-43c4-a3e3-eb6453feae97,,Nigeria,NigeriaDaily Trust,Daily Trust,ffc4fc8e-45e1-4ddb-9faa-55c7e16f81ee
30dd1435-d22d-4db7-9f93-fb993069ed47,"Army test officers’ proficiency in handling of weapons, military drills",,2018-07-30,2018-09-18,https://www.dailytrust.com.ng/army-test-officers-proficiency-in-handling-of-weapons-military-drills-263292.html,https://web.archive.org/web/20180918172328/https://www.dailytrust.com.ng/army-test-officers-proficiency-in-handling-of-weapons-military-drills-263292.html,,30dd1435-d22d-4db7-9f93-fb993069ed47,,Nigeria,NigeriaDaily Trust,Daily Trust,ffc4fc8e-45e1-4ddb-9faa-55c7e16f81ee
315f389c-9801-49e7-a562-440fad134991,"13 Killed, 40 Injured in Bauchi Bomb Tragedy",,2011-05-30,,http://www.thisdaylive.com/articles/13-killed-40-injured-in-bauchi-bomb-tragedy/92307/,https://web.archive.org/web/20151222210554/http://www.thisdaylive.com/articles/13-killed-40-injured-in-bauchi-bomb-tragedy/92307/,2015-12-22T21:05:54,315f389c-9801-49e7-a562-440fad134991,,Nigeria,NigeriaThis Day,This Day,a3a288a6-0200-4f87-936b-f525342f291a
34cc8b2c-1cb1-44b2-87ae-af6e04fbbe08,Army Organises Joint Poll Exercise For Security Agencies,,2015-03-24,,http://leadership.ng/news/419844/army-organises-joint-poll-exercise-for-security-agencies,https://web.archive.org/web/20150330030844/http://leadership.ng/news/419844/army-organises-joint-poll-exercise-for-security-agencies,2015-03-30T03:08:44,34cc8b2c-1cb1-44b2-87ae-af6e04fbbe08,,Nigeria,NigeriaLeadership,Leadership,8f96e06a-1bfa-47a4-b05f-e6360770aca4
356602e4-042e-4ad3-8bb2-f539b8644514,"Rid our Forests of Criminals, Abubakar Challenges Army",,2017-08-27,,https://www.thisdaylive.com/index.php/2017/08/27/rid-our-forests-of-criminals-abubakar-challenges-army/,https://web.archive.org/web/20170827191707/https://www.thisdaylive.com/index.php/2017/08/27/rid-our-forests-of-criminals-abubakar-challenges-army/,2017-08-27T19:17:07,356602e4-042e-4ad3-8bb2-f539b8644514,,Nigeria,NigeriaThis Day,This Day,a3a288a6-0200-4f87-936b-f525342f291a
358c43bc-a056-4313-8c8c-203386ab105a,Nigerian Soldiers Depart for Sudan,,2005-07-01,,http://allafrica.com/stories/200507010391.html,No archive available,,358c43bc-a056-4313-8c8c-203386ab105a,,Nigeria,NigeriaThis Day,This Day,a3a288a6-0200-4f87-936b-f525342f291a
35c79a6c-48a2-47bc-8afd-c122ac3b4353,‘We Arrested Many Boko Haram Suspects In Lagos’,,2015-08-11,,http://leadership.ng/news/453096/we-arrested-many-boko-haram-suspects-in-lagos,https://web.archive.org/web/20151217225433/http://leadership.ng/news/453096/we-arrested-many-boko-haram-suspects-in-lagos,2015-12-17T22:54:33,35c79a6c-48a2-47bc-8afd-c122ac3b4353,,Nigeria,NigeriaLeadership,Leadership,8f96e06a-1bfa-47a4-b05f-e6360770aca4
35ea21a5-cefc-4878-87e8-4cdb0cf2779e,Troops nab 3 Boko Haram terrorists in Borno,,2018-03-29,2018-08-09,https://www.vanguardngr.com/2018/03/troops-nab-3-boko-haram-terrorists-borno/,https://web.archive.org/web/20180809183436/https://www.vanguardngr.com/2018/03/troops-nab-3-boko-haram-terrorists-borno/,,35ea21a5-cefc-4878-87e8-4cdb0cf2779e,,Nigeria,NigeriaVanguard,Vanguard,33dae0fb-dbca-4d74-8e52-032b7c337789
361de417-fe5f-4a76-9637-144f104713db,BREAKING NEWS: YAr'adua Sacks Military Chiefs; Departs to Saudi Arabia for Medical Treatment,,2008-08-19,,http://saharareporters.com/2008/08/19/breaking-news-yaradua-sacks-military-chiefs-departs-saudi-arabia-medical-treatment,https://web.archive.org/web/20150502185948/http://saharareporters.com/2008/08/19/breaking-news-yaradua-sacks-military-chiefs-departs-saudi-arabia-medical-treatment,2015-05-02T18:59:48,361de417-fe5f-4a76-9637-144f104713db,,United States of America,United States of AmericaSahara Reporters,Sahara Reporters,5b8133a3-574d-4d01-8829-2211256b5a03
36d49324-b5b6-4df5-aa99-2051fe5ea939,"Buratai Visits Troops, More Boko Haram Camps Are Destroyed",,2015-11-09,,http://allafrica.com/stories/201511101099.html,No archive available,,36d49324-b5b6-4df5-aa99-2051fe5ea939,,Nigeria,NigeriaDaily Trust,Daily Trust,ffc4fc8e-45e1-4ddb-9faa-55c7e16f81ee
37094c69-f9e1-41d4-9fc1-94da22e266ff,Benue Builds on Relationship With Army,,2009-03-17,,http://allafrica.com/stories/200903170031.html,No archive available,,37094c69-f9e1-41d4-9fc1-94da22e266ff,,Nigeria,NigeriaDaily Trust,Daily Trust,ffc4fc8e-45e1-4ddb-9faa-55c7e16f81ee
3758c2f3-309c-4e23-9b81-88ce4d27f779,Army's Weapon More Sophisticated Than Boko Haram's - COAS,,2014-09-14,,http://allafrica.com/stories/201409151635.html,No archive available,,3758c2f3-309c-4e23-9b81-88ce4d27f779,,Nigeria,NigeriaLeadership,Leadership,8f96e06a-1bfa-47a4-b05f-e6360770aca4
37ea0e4c-2b65-47e3-8347-6c55d6230165,Army Kill 14 Boko Haram Terrorists In Yobe – GOC 3 Division,,2016-01-26,,http://independent.ng/army-kill-14-boko-haram-terrorists-yobe-goc-3-division/,https://web.archive.org/web/20170922205001/http://independent.ng/army-kill-14-boko-haram-terrorists-yobe-goc-3-division/,2017-09-22T20:50:01,37ea0e4c-2b65-47e3-8347-6c55d6230165,,Nigeria,NigeriaIndependent,Independent,e3bc0ad9-7cf5-48d2-8a95-f0e21547f575
3946c185-68a6-4248-aa19-c9278cc0ed06,Army is combat-ready for terrorists – COAS,,2012-05-27,,http://www.vanguardngr.com/2012/05/army-is-combat-ready-for-terrorists-coas/,https://web.archive.org/web/20121121055226/http://www.vanguardngr.com/2012/05/army-is-combat-ready-for-terrorists-coas/,2012-11-21T05:52:26,3946c185-68a6-4248-aa19-c9278cc0ed06,,Nigeria,NigeriaVanguard,Vanguard,33dae0fb-dbca-4d74-8e52-032b7c337789
3a678eaa-d39f-40fd-9fcf-072f2d17d4c2,"Jonathan sacks Onovo, Dike, service chiefs",,2010-09-09,,http://www.gbooza.com/group/crime/forum/topics/jonathan-sacks-onovo-dike,No archive available,,3a678eaa-d39f-40fd-9fcf-072f2d17d4c2,,Nigeria,NigeriaNigeria Crime News,Nigeria Crime News,2669abf4-1929-410a-8094-ef676224054e
3b321757-557f-4af7-a20d-d30ecee55bd6,"48 Killed in Fresh Borno Attacks, Chibok Schoolgirls Sighted in Chad",,2014-05-22,,http://www.vanguardngr.com/2014/05/48-killed-fresh-borno-attacks/,https://web.archive.org/web/20140522030848/http://www.vanguardngr.com/2014/05/48-killed-fresh-borno-attacks/,2014-05-22T03:08:48,3b321757-557f-4af7-a20d-d30ecee55bd6,,Nigeria,NigeriaVanguard,Vanguard,33dae0fb-dbca-4d74-8e52-032b7c337789
3dcb84f0-dcf7-4bab-9770-78a627ca5630,Soldier Dismissed for Dubious Enlistment,,2003-08-22,,http://allafrica.com/stories/200308220159.html,No archive available,,3dcb84f0-dcf7-4bab-9770-78a627ca5630,,Nigeria,NigeriaThis Day,This Day,a3a288a6-0200-4f87-936b-f525342f291a
3f8dfc80-4dcc-41a1-880e-0828c3f2cdd5,"Terrorism... Shopping Malls, Tank Farms Under Surveillance",,2013-09-28,2018-08-02,http://www.thisdaylive.com/articles/terrorism-shopping-malls-tank-farms-under-surveillance/160146/,https://web.archive.org/web/20130930215016/http://www.thisdaylive.com/articles/terrorism-shopping-malls-tank-farms-under-surveillance/160146/,,3f8dfc80-4dcc-41a1-880e-0828c3f2cdd5,,Nigeria,NigeriaThis Day,This Day,a3a288a6-0200-4f87-936b-f525342f291a
3fd28aae-88ff-45bc-b066-171d60d04282,Custom Official's Killing - Security Operatives Arrest 30 Suspects At Seme Border,,2013-08-31,,http://allafrica.com/stories/201309021179.html,No archive available,,3fd28aae-88ff-45bc-b066-171d60d04282,,Nigeria,NigeriaThis Day,This Day,a3a288a6-0200-4f87-936b-f525342f291a
431d003c-096b-4bd1-b02b-e4676519d2d4,"GOC urges stakeholders to end perennial communal clashes in A’ibom, Cross River states",,2017-02-13,,http://www.championnews.com.ng/goc-urges-stakeholders-to-end-perennial-communal-clashes-in-aibom-cross-river-states/,https://web.archive.org/web/20170214050742/http://www.championnews.com.ng/goc-urges-stakeholders-to-end-perennial-communal-clashes-in-aibom-cross-river-states/,2017-02-14T05:07:42,431d003c-096b-4bd1-b02b-e4676519d2d4,,Nigeria,NigeriaChampion Newspapers,Champion Newspapers,56aeba70-cddd-495a-aa83-424ca50cf6b9
4600bd9e-961a-4261-93ef-abd67c71cdfd,Army Pledges Continued Defence of Democracy,,2003-03-03,,http://allafrica.com/stories/200303030306.html,No archive available,,4600bd9e-961a-4261-93ef-abd67c71cdfd,,Nigeria,NigeriaThis Day,This Day,a3a288a6-0200-4f87-936b-f525342f291a
46765dc0-78a8-4266-a8f3-8ebb44108685,Shoot-Out in Maiduguri as Soldiers Battle Fanatics,,2009-07-29,,http://allafrica.com/stories/200907290137.html,No archive available,,46765dc0-78a8-4266-a8f3-8ebb44108685,,Nigeria,NigeriaThis Day,This Day,a3a288a6-0200-4f87-936b-f525342f291a
47392e3d-3c5f-4610-b2ec-173a0c29cce8,"Army Reconciles Warring Communities in Cross River, Ebonyi States",,2017-09-11,,https://www.thisdaylive.com/index.php/2017/09/11/army-reconciles-warring-communities-in-cross-river-ebonyi-states/,https://web.archive.org/web/20170911033348/https://www.thisdaylive.com/index.php/2017/09/11/army-reconciles-warring-communities-in-cross-river-ebonyi-states/,2017-09-11T03:33:48,47392e3d-3c5f-4610-b2ec-173a0c29cce8,,Nigeria,NigeriaThis Day,This Day,a3a288a6-0200-4f87-936b-f525342f291a
47a1f85c-73b4-47f1-a6b5-1e82f3da010f,Army Begins Large-Scale Operation in Sambisa Forests - Commander,,2016-05-02,,http://www.premiumtimesng.com/news/more-news/202752-army-begins-large-scale-operation-sambisa-forests-commander.html,https://web.archive.org/web/20160503114230/http://www.premiumtimesng.com/news/more-news/202752-army-begins-large-scale-operation-sambisa-forests-commander.html,2016-05-03T11:42:30,47a1f85c-73b4-47f1-a6b5-1e82f3da010f,,Nigeria,NigeriaPremium Times,Premium Times,80936b96-33ba-406a-babe-7abd5b0391f0
493ac34f-6d9a-40ff-9843-5d7de6d3525c,NIGERIAN ARMY CHRONICLE OF COMMAND,,,,http://army.mil.ng/Chronicle%20of%20Command.html,https://web.archive.org/web/20150721222815/http://army.mil.ng/Chronicle%20of%20Command.html,2015-07-21T22:28:15,493ac34f-6d9a-40ff-9843-5d7de6d3525c,,Nigeria,NigeriaNigerian Army,Nigerian Army,0a15e4a0-56bf-440d-bc1a-44a444700ac8
4a0c555c-07b3-421a-aebe-3dc5f3d7b509,"We Arrested Zakzaky, Wife - Army",,2015-12-15,,http://www.dailytrust.com.ng/news/general/we-arrested-zakzaky-wife--army/124411.html,https://web.archive.org/web/20160110170009/http://dailytrust.com.ng/news/general/we-arrested-zakzaky-wife--army/124411.html,2016-01-10T17:00:09,4a0c555c-07b3-421a-aebe-3dc5f3d7b509,,Nigeria,NigeriaDaily Trust,Daily Trust,ffc4fc8e-45e1-4ddb-9faa-55c7e16f81ee
4a932064-c445-4131-b111-ceb09aade8a1,Army Demands Discipline From Civilian JTF,,2013-11-24,,http://www.thisdaylive.com/articles/army-demands-discipline-from-civilian-jtf/165083/,https://web.archive.org/web/20131206163137/http://www.thisdaylive.com/articles/army-demands-discipline-from-civilian-jtf/165083/,2013-12-06T16:31:37,4a932064-c445-4131-b111-ceb09aade8a1,,Nigeria,NigeriaThis Day,This Day,a3a288a6-0200-4f87-936b-f525342f291a
4bf889e9-d881-4295-a498-6e3dfaa40d1b,FG Deploys Soldiers in Nasarawa,,2013-09-19,,http://leadership.ng/news/327056/fg-deploys-soldiers-nasarawa,https://web.archive.org/web/20150323114317/http://leadership.ng/news/327056/fg-deploys-soldiers-nasarawa,2015-03-23T11:43:17,4bf889e9-d881-4295-a498-6e3dfaa40d1b,,Nigeria,NigeriaLeadership,Leadership,8f96e06a-1bfa-47a4-b05f-e6360770aca4
4da481e7-b4f8-4118-9fd1-517ed10ca755,Army Explains Role Of New Division In Niger Delta,,2016-11-19,,https://www.pmnewsnigeria.com/2016/11/19/army-explains-role-of-new-division-in-niger-delta/,https://web.archive.org/web/20161120144150/https://www.pmnewsnigeria.com/2016/11/19/army-explains-role-of-new-division-in-niger-delta/,2016-11-20T14:41:50,4da481e7-b4f8-4118-9fd1-517ed10ca755,,Nigeria,NigeriaPM News,P.M. News,4d3e2ef3-26b4-4a14-ae83-ee3302c2adbe
4e3d8ee6-72f6-4bb8-92f6-d98d656e6ac7,JTF Arrests 50 Bunkerers,,2009-11-08,,http://allafrica.com/stories/200911091188.html,No archive available,,4e3d8ee6-72f6-4bb8-92f6-d98d656e6ac7,,Nigeria,NigeriaDaily Champion,Daily Champion,6b6ee6fe-96a7-40d5-b67b-948d9d7679d8
4fa3bcd2-604e-4637-943b-46e9c259198d,Why We Retired Army Generals - Yar'Adua,,2007-08-01,,http://allafrica.com/stories/200708010477.html,No archive available,,4fa3bcd2-604e-4637-943b-46e9c259198d,,Nigeria,NigeriaDaily Trust,Daily Trust,ffc4fc8e-45e1-4ddb-9faa-55c7e16f81ee
50039396-b172-4181-bfe6-17749c1b522c,"Boko Haram - 42 Suspects Arrested in Lagos, Ogun",,2013-07-30,,http://allafrica.com/stories/201307300083.html,No archive available,,50039396-b172-4181-bfe6-17749c1b522c,,Nigeria,NigeriaThis Day,This Day,a3a288a6-0200-4f87-936b-f525342f291a
50fffcf6-562a-49a1-bd85-416805735fbb,"Gunmen Kill DPO, 3 Policemen",,2012-04-30,2019-01-25,http://www.thisdaylive.com/articles/gunmen-kill-dpo-3-policemen/114817/,https://web.archive.org/web/20120503105759/http://www.thisdaylive.com/articles/gunmen-kill-dpo-3-policemen/114817/,,50fffcf6-562a-49a1-bd85-416805735fbb,,Nigeria,NigeriaThis Day,This Day,a3a288a6-0200-4f87-936b-f525342f291a
546826b0-3d58-4a16-904c-ec001189b28e,Bombings: Part of failed plots to derail Jonathan’s inauguration – Security Agencies,,2011-05-31,,http://www.vanguardngr.com/2011/05/bombings-part-of-failed-plots-to-derail-jonathans-inauguration-security-agencies/,https://web.archive.org/web/20110601235824/http://www.vanguardngr.com/2011/05/bombings-part-of-failed-plots-to-derail-jonathans-inauguration-security-agencies,2011-06-01T23:58:24,546826b0-3d58-4a16-904c-ec001189b28e,,Nigeria,NigeriaVanguard,Vanguard,33dae0fb-dbca-4d74-8e52-032b7c337789
550e0f4b-80a6-4c5a-8574-20857d90b8c1,SOUTH EAST GOVERNORS EXTOL ARMY FOR MAKING REGION INVESTORS’ SAFE HAVEN,,2016-03-01,,http://www.army.mil.ng/south-east-governors-extol-army-for-making-region-investors-safe-haven/,https://web.archive.org/web/20171129125029/http://www.army.mil.ng/south-east-governors-extol-army-for-making-region-investors-safe-haven/,2017-11-29T12:50:29,550e0f4b-80a6-4c5a-8574-20857d90b8c1,,Nigeria,NigeriaNigerian Army,Nigerian Army,0a15e4a0-56bf-440d-bc1a-44a444700ac8
5719e8e1-6caf-4e8d-8365-6e92e50ed7a9,Army troops arrest suspected kidnappers in Kaduna,,2018-04-24,2018-08-09,https://www.vanguardngr.com/2018/04/army-troops-arrest-suspected-kidnappers-kaduna/,https://web.archive.org/web/20180809183826/https://www.vanguardngr.com/2018/04/army-troops-arrest-suspected-kidnappers-kaduna/,,5719e8e1-6caf-4e8d-8365-6e92e50ed7a9,,Nigeria,NigeriaVanguard,Vanguard,33dae0fb-dbca-4d74-8e52-032b7c337789
582d5933-38ab-4137-bc30-3fc7a4334fbd,"MASSOB counters Buhari, sure of UN referendum on Biafra",,2015-11-18,,https://guardian.ng/news/massob-counters-buhari-sure-of-un-referendum-on-biafra/,https://web.archive.org/web/20171212183851/https://guardian.ng/news/massob-counters-buhari-sure-of-un-referendum-on-biafra/,2017-12-12T18:38:51,582d5933-38ab-4137-bc30-3fc7a4334fbd,,Nigeria,NigeriaThe Guardian,The Guardian,966737d1-e1b8-4498-8a96-9b42eceb25d3
583d202d-efa3-47bf-ba48-e0e7957872a1,Agwai Tasks Army On Professionalism,,2004-01-19,,http://allafrica.com/stories/200401190521.html,No archive available,,583d202d-efa3-47bf-ba48-e0e7957872a1,,Nigeria,NigeriaThis Day,This Day,a3a288a6-0200-4f87-936b-f525342f291a
5b2121b2-58db-469b-baa8-8db9fa712fa5,Soldiers Nab Vandals at Atlas Cove Depot,,2009-09-17,,http://allafrica.com/stories/200909170138.html,No archive available,,5b2121b2-58db-469b-baa8-8db9fa712fa5,,Nigeria,NigeriaThis Day,This Day,a3a288a6-0200-4f87-936b-f525342f291a
5ba0e7eb-ff89-4fd6-9265-48777fab92a4,Military to Review Counter-Insurgency War,,2016-05-05,,http://allafrica.com/stories/201605050740.html,No archive available,,5ba0e7eb-ff89-4fd6-9265-48777fab92a4,,Nigeria,NigeriaThe Guardian,The Guardian,966737d1-e1b8-4498-8a96-9b42eceb25d3
5c5f25a2-6751-40ef-a68f-4c90f4b5d8b7,Defence HQ Launch Skills Acquisition In Barracks,,2011-03-08,,https://www.pmnewsnigeria.com/2011/03/08/defence-hq-launch-skills-acquisition-in-barracks/,https://web.archive.org/web/20110308182016/https://www.pmnewsnigeria.com/2011/03/08/defence-hq-launch-skills-acquisition-in-barracks/,2011-03-08T18:20:16,5c5f25a2-6751-40ef-a68f-4c90f4b5d8b7,,Nigeria,NigeriaPM News,P.M. News,4d3e2ef3-26b4-4a14-ae83-ee3302c2adbe
61dea0fe-8477-40bb-9624-4f908b2fd31d,Driver Beats Policeman to Death in Benin,,2014-07-01,,http://allafrica.com/stories/201407020439.html,https://web.archive.org/web/20160629155047/http://allafrica.com/stories/201407020439.html,2016-06-29T15:50:47,61dea0fe-8477-40bb-9624-4f908b2fd31d,,Nigeria,NigeriaDaily Independent,Daily Independent,423a4021-db29-4780-9cee-688d88790af8
63a99be1-b2c5-46c2-b8c8-2e37965df0e9,"Troops Return From Cameroun, to Begin Counter-Terrorism Campaign",,2014-08-26,,http://allafrica.com/stories/201408270277.html,No archive available,,63a99be1-b2c5-46c2-b8c8-2e37965df0e9,,Nigeria,NigeriaThe Guardian,The Guardian,966737d1-e1b8-4498-8a96-9b42eceb25d3
6456cde9-9790-4d96-824e-01afe3e5f1d6,Military Nabs Another Wanted Boko Haram Terrorist,,2015-11-10,,http://allafrica.com/stories/201511100644.html,No archive available,,6456cde9-9790-4d96-824e-01afe3e5f1d6,,Nigeria,NigeriaThis Day,This Day,a3a288a6-0200-4f87-936b-f525342f291a
65c4fd99-6206-4009-80c0-d1a8d1519c3c,Sordid Tales of Their 'Deportation' From Lagos to Onitsha,,2013-08-10,,http://www.vanguardngr.com/2013/08/sordid-tales-of-their-deportation-from-lagos-to-onitsha/,https://web.archive.org/web/20140216090353/http://www.vanguardngr.com/2013/08/sordid-tales-of-their-deportation-from-lagos-to-onitsha/,2014-02-16T09:03:53,65c4fd99-6206-4009-80c0-d1a8d1519c3c,,Nigeria,NigeriaVanguard,Vanguard,33dae0fb-dbca-4d74-8e52-032b7c337789
68580e8b-12ac-4cb6-84e7-30e637dacfc8,Country's Foreign Policy Under Yar'Adua,,2007-08-27,,http://allafrica.com/stories/200708270360.html,No archive available,,68580e8b-12ac-4cb6-84e7-30e637dacfc8,,Nigeria,NigeriaVanguard,Vanguard,33dae0fb-dbca-4d74-8e52-032b7c337789
68b26bfc-1cb5-4148-aafa-616046a795f6,Army deploys another 800 to Darfur,,2013-01-13,,http://sunnewsonline.com/new/army-deploys-another-800-to-darfur/,https://web.archive.org/web/20150714030036/http://sunnewsonline.com/new/army-deploys-another-800-to-darfur/,2015-07-14T03:00:36,68b26bfc-1cb5-4148-aafa-616046a795f6,,Nigeria,NigeriaThe Sun,The Sun,7787a9e0-eb02-4236-a491-0392404b0e64
6a288100-b0d0-4fa6-8d69-089e22d15c75,Nigeria sends 700 soldiers to maintain peace in Liberia,,2014-03-20,,http://www.vanguardngr.com/2014/03/nigeria-sends-700-soldiers-maintain-peace-liberia/,https://web.archive.org/web/20140423062529/http://www.vanguardngr.com/2014/03/nigeria-sends-700-soldiers-maintain-peace-liberia,2014-04-23T06:25:29,6a288100-b0d0-4fa6-8d69-089e22d15c75,,Nigeria,NigeriaVanguard,Vanguard,33dae0fb-dbca-4d74-8e52-032b7c337789
6a622827-3f0b-47e8-a818-231c52513171,"After Borno, Yobe Massacre - B-Haram Strikes in Adamawa, Kills 14",,2014-02-28,,http://www.vanguardngr.com/2014/02/borno-yobe-massacre-b-haram-strikes-adamawa-kills-14/,https://web.archive.org/web/20150407113216/http://www.vanguardngr.com/2014/02/borno-yobe-massacre-b-haram-strikes-adamawa-kills-14/,2015-04-07T11:32:16,6a622827-3f0b-47e8-a818-231c52513171,,Nigeria,NigeriaVanguard,Vanguard,33dae0fb-dbca-4d74-8e52-032b7c337789
6a860be0-0a84-42d9-993b-cff99ea0e65e,"Army kill Boko Haram leader, rescue nine children",,2017-06-13,,https://guardian.ng/news/army-kill-boko-haram-leader-rescue-nine-children/,https://web.archive.org/web/20170613061942/https://guardian.ng/news/army-kill-boko-haram-leader-rescue-nine-children/,2017-06-13T06:19:42,6a860be0-0a84-42d9-993b-cff99ea0e65e,,Nigeria,NigeriaThe Guardian,The Guardian,966737d1-e1b8-4498-8a96-9b42eceb25d3
6ab9c4ae-b626-4f4b-9a3e-d90d19518ab8,"Boko Haram attacks Bama, service chiefs to visit Borno",,2017-10-01,2018-08-06,https://punchng.com/boko-haram-attacks-bama-service-chiefs-to-visit-borno/,https://web.archive.org/web/20180806145757/https://punchng.com/boko-haram-attacks-bama-service-chiefs-to-visit-borno/,,6ab9c4ae-b626-4f4b-9a3e-d90d19518ab8,,Nigeria,NigeriaThe Punch,The Punch,fd1c5183-a370-442a-8002-e174a9d8d87a
6af2a7d0-5d62-446a-9d26-e4bfba227805,"Boko Haram Kills 45 in Borno, Adamawa",,2015-12-28,,http://allafrica.com/stories/201512290139.html,No archive available,,6af2a7d0-5d62-446a-9d26-e4bfba227805,,Nigeria,NigeriaDaily Independent,Daily Independent,423a4021-db29-4780-9cee-688d88790af8
6d8d6c4d-317e-4f9f-bbf0-35e190c15374,72 Generals Redeployed in Army Shake-up,,2012-02-16,,http://www.thisdaylive.com/articles/72-generals-redeployed-in-army-shake-up/109414/,https://web.archive.org/web/20120428054110/http://www.thisdaylive.com/articles/72-generals-redeployed-in-army-shake-up/109414,2012-04-28T05:41:10,6d8d6c4d-317e-4f9f-bbf0-35e190c15374,,Nigeria,NigeriaThis Day,This Day,a3a288a6-0200-4f87-936b-f525342f291a
6e156214-f890-42e3-9a93-801634eb1c6d,Jonathan Sacks GOCs,,2010-09-25,,http://allafrica.com/stories/201009270992.html,No archive available,,6e156214-f890-42e3-9a93-801634eb1c6d,,Nigeria,NigeriaLeadership,Leadership,8f96e06a-1bfa-47a4-b05f-e6360770aca4
6e34fc31-810c-4002-94ff-b981081110cf,Army to provide conducive environment for officers,,2014-11-23,,http://thenationonlineng.net/army-to-provide-conducive-environment-for-officers/,https://web.archive.org/web/20150930010448/http://thenationonlineng.net/army-to-provide-conducive-environment-for-officers/,2015-09-30T01:04:48,6e34fc31-810c-4002-94ff-b981081110cf,,Nigeria,NigeriaThe Nation,The Nation,a8df2f4e-c4b2-4329-bf08-d6b525996d07
70c81080-0535-42f6-99aa-d3295f432a9d,Jonathan Charges Service Chiefs to Crush Boko Haram Insurgents,,2014-02-06,,http://www.thisdaylive.com/articles/jonathan-charges-service-chiefs-to-crush-boko-haram-insurgents/170746/,No archive available,,70c81080-0535-42f6-99aa-d3295f432a9d,,Nigeria,NigeriaThis Day,This Day,a3a288a6-0200-4f87-936b-f525342f291a
747ea676-8906-4d75-b0ae-740939e7c61d,Tactical Air Command,,2013-10-29,,http://www.nigerianairforce.net/NAFStructure/TAC.aspx,https://web.archive.org/web/20131029225403/http://www.nigerianairforce.net/NAFStructure/TAC.aspx,2013-10-29T22:54:03,747ea676-8906-4d75-b0ae-740939e7c61d,,Nigeria,NigeriaNigerian Air Force,Nigerian Air Force,1edcfb98-6e58-4e45-8246-0d33ef3a0158
749e748d-a349-4c45-b524-f174d70909c8,Military recounts troop's success in Adamawa,,2015-03-10,,http://thenationonlineng.net/new/military-recounts-troops-success-in-adamawa/,https://web.archive.org/web/20150518174130/http://thenationonlineng.net/new/military-recounts-troops-success-in-adamawa/,2015-05-18T17:41:30,749e748d-a349-4c45-b524-f174d70909c8,,Nigeria,NigeriaThe Nation,The Nation,a8df2f4e-c4b2-4329-bf08-d6b525996d07
763e05ec-a66a-46fb-a691-223339e19272,Anti-Graft War: EFCC Seeks Army Support,,2016-01-15,,https://efccnigeria.org/efcc/news/1620-anti-graft-war-efcc-seeks-army-support,https://web.archive.org/web/20171220194636/https://efccnigeria.org/efcc/news/1620-anti-graft-war-efcc-seeks-army-support,2017-12-20T19:46:36,763e05ec-a66a-46fb-a691-223339e19272,,Nigeria,NigeriaEconomic and Financial Crimes Commission,Economic and Financial Crimes Commission,77e3c93a-178f-400b-9874-5818c0f8a855
76fc2c07-4ce9-4c9a-8c95-6bfb88c08ec1,Buratai renames 21 Brigade as Special Forces Brigade,,2018-07-20,2018-08-25,https://www.vanguardngr.com/2018/07/buratai-renames-21-brigade-as-special-forces-brigade/,https://web.archive.org/web/20180825200336/https://www.vanguardngr.com/2018/07/buratai-renames-21-brigade-as-special-forces-brigade/,,76fc2c07-4ce9-4c9a-8c95-6bfb88c08ec1,,Nigeria,NigeriaVanguard,Vanguard,33dae0fb-dbca-4d74-8e52-032b7c337789
7a278f4a-c006-466b-916b-2da69632e1bd,GOC 82 Div,,2016-10-28,,https://www.vanguardngr.com/2016/10/goc-82-div-solicits-cooperation-security-agencies/,https://web.archive.org/web/20161102145738/http://www.vanguardngr.com:80/2016/10/goc-82-div-solicits-cooperation-security-agencies/,2016-11-02T14:57:38,7a278f4a-c006-466b-916b-2da69632e1bd,,Nigeria,NigeriaVanguard,Vanguard,33dae0fb-dbca-4d74-8e52-032b7c337789
7c04f0e2-2348-4379-a7bf-6ca7a1ab5dea,Nigerian Army ends Operation Python Dance in South-East – Official,,2016-12-26,,https://www.premiumtimesng.com/regional/ssouth-east/218995-nigerian-army-ends-operation-python-dance-south-east-official.html,https://web.archive.org/web/20161227033100/https://www.premiumtimesng.com/regional/ssouth-east/218995-nigerian-army-ends-operation-python-dance-south-east-official.html,2016-12-27T03:31:00,7c04f0e2-2348-4379-a7bf-6ca7a1ab5dea,,Nigeria,NigeriaPremium Times,Premium Times,80936b96-33ba-406a-babe-7abd5b0391f0
7c4a1206-effb-4695-a475-5b2743fe6922,GOC to soldiers: Shoot Ondo poll troublemakers,,2012-10-19,,http://sunnewsonline.com/new/shoot-troublemakers-goc-orders-soldiers/,https://web.archive.org/web/20150707151624/http://sunnewsonline.com/new/shoot-troublemakers-goc-orders-soldiers/,2015-07-07T15:16:24,7c4a1206-effb-4695-a475-5b2743fe6922,,Nigeria,NigeriaThe Sun,The Sun,7787a9e0-eb02-4236-a491-0392404b0e64
7d66c675-67e2-4584-9b90-da798423a43f,LT GEN OA IHEJIRIKA,,,,http://army.mil.ng/LT%20Gen%20OA%20Ihejirika.html,https://web.archive.org/web/20150721220335/http://army.mil.ng/LT%20Gen%20OA%20Ihejirika.html,2015-07-21T22:03:35,7d66c675-67e2-4584-9b90-da798423a43f,,Nigeria,NigeriaNigerian Army,Nigerian Army,0a15e4a0-56bf-440d-bc1a-44a444700ac8
7f1d5ba0-9dc6-41fe-ba67-20755f94f191,Terrible week of road accidents (Editorial),,2016-03-17,,http://www.dailytrust.com.ng/news/editorial/terrible-week-of-road-accidents/138228.html,https://web.archive.org/web/20160329141417/http://www.dailytrust.com.ng/news/editorial/terrible-week-of-road-accidents/138228.html,2016-03-29T14:14:17,7f1d5ba0-9dc6-41fe-ba67-20755f94f191,,Nigeria,NigeriaDaily Trust,Daily Trust,ffc4fc8e-45e1-4ddb-9faa-55c7e16f81ee
7f1edbe1-3c12-45ac-bd31-f33c4a56824c,"Troops kill 4, arrest 9 militiamen in Bauchi State",,2018-03-19,2018-08-03,https://www.vanguardngr.com/2018/03/troops-kill-4-arrest-9-militiamen-bauchi-state-2/,https://web.archive.org/web/20180803155317/https://www.vanguardngr.com/2018/03/troops-kill-4-arrest-9-militiamen-bauchi-state-2/,,7f1edbe1-3c12-45ac-bd31-f33c4a56824c,,Nigeria,NigeriaVanguard,Vanguard,33dae0fb-dbca-4d74-8e52-032b7c337789
800315da-3405-4865-ad8c-0246a1669b6d,Boko Haram - Minimah Hints of Major Army Shake Up,,2014-08-23,,http://allafrica.com/stories/201408250887.html,No archive available,,800315da-3405-4865-ad8c-0246a1669b6d,,Nigeria,NigeriaThis Day,This Day,a3a288a6-0200-4f87-936b-f525342f291a
827dc295-f0d2-4c9e-9f78-6006dc87fb70,GOC - New Security Role Won't Overwhelm Army,,2013-09-14,,http://www.thisdaylive.com/articles/goc-new-security-role-won-t-overwhelm-army/158976/,https://web.archive.org/web/20130916231734/http://www.thisdaylive.com/articles/goc-new-security-role-won-t-overwhelm-army/158976,2013-09-16T23:17:34,827dc295-f0d2-4c9e-9f78-6006dc87fb70,,Nigeria,NigeriaThis Day,This Day,a3a288a6-0200-4f87-936b-f525342f291a
8287b786-f4c9-40d0-a333-daad5a2ad08f,Amnesty - Nigerian Military Committing War Crimes,,2014-08-05,,http://allafrica.com/stories/201408050258.html,No archive available,,8287b786-f4c9-40d0-a333-daad5a2ad08f,,Nigeria,NigeriaDaily Trust,Daily Trust,ffc4fc8e-45e1-4ddb-9faa-55c7e16f81ee
829dcb6f-b0c7-40d8-85b0-d4f9d57aef5d,Four Soldiers Killed As Boko Haram Attacks Borno Village,,2013-10-28,,http://allafrica.com/stories/201310280190.html,No archive available,,829dcb6f-b0c7-40d8-85b0-d4f9d57aef5d,,Nigeria,NigeriaLeadership,Leadership,8f96e06a-1bfa-47a4-b05f-e6360770aca4
850e420d-1511-4d0a-82fc-a717d59924ae,"No going back, fight to finish, Buratai charges troops",,2018-07-19,2018-08-09,https://www.vanguardngr.com/2018/07/no-going-back-fight-to-finish-buratai-charges-troops/,https://web.archive.org/web/20180809184246/https://www.vanguardngr.com/2018/07/no-going-back-fight-to-finish-buratai-charges-troops/,,850e420d-1511-4d0a-82fc-a717d59924ae,,Nigeria,NigeriaVanguard,Vanguard,33dae0fb-dbca-4d74-8e52-032b7c337789
8989202e-9d26-4da2-b0c5-61867a645b84,Awala Is New GOC 3 Division - Army,,2013-02-02,,http://allafrica.com/stories/201302020080.html,No archive available,,8989202e-9d26-4da2-b0c5-61867a645b84,,Nigeria,NigeriaDaily Trust,Daily Trust,ffc4fc8e-45e1-4ddb-9faa-55c7e16f81ee
8ddb3eb0-5e10-4801-94ea-6d4de7b1fee1,2015 - Army Prepares Agaist Violence,,2013-11-30,,http://allafrica.com/stories/201312020385.html,No archive available,,8ddb3eb0-5e10-4801-94ea-6d4de7b1fee1,,Nigeria,NigeriaThis Day,This Day,a3a288a6-0200-4f87-936b-f525342f291a
8e93f9fe-9bb5-4143-86e5-c6950d62eedf,700 Soldiers Leave for Liberia,,2013-03-11,,http://allafrica.com/stories/201303110659.html,No archive available,,8e93f9fe-9bb5-4143-86e5-c6950d62eedf,,Nigeria,NigeriaDaily Trust,Daily Trust,ffc4fc8e-45e1-4ddb-9faa-55c7e16f81ee
90050408-1e9c-4d11-ab4b-e978bb4aab6a,Army redeploys 127 senior officers,,2014-02-13,,http://www.punchng.com/news/army-redeploys-127-senior-officers/,https://web.archive.org/web/20150726182529/http://www.punchng.com/news/army-redeploys-127-senior-officers/,2015-07-26T18:25:29,90050408-1e9c-4d11-ab4b-e978bb4aab6a,,Nigeria,NigeriaThe Punch,The Punch,fd1c5183-a370-442a-8002-e174a9d8d87a
9020c232-c6a9-4946-9eb4-35161ffdec5b,Defence Chief Declares 'Red Alert' in N-Delta,,2008-01-09,,http://allafrica.com/stories/200801100458.html,No archive available,,9020c232-c6a9-4946-9eb4-35161ffdec5b,,Nigeria,NigeriaVanguard,Vanguard,33dae0fb-dbca-4d74-8e52-032b7c337789
91f51be6-def2-464f-b0a7-1743f3c93cb5,Military Intensifies Campaign Against Insurgents' Stronghold,,2013-05-18,,http://allafrica.com/stories/201305200283.html,No archive available,,91f51be6-def2-464f-b0a7-1743f3c93cb5,,Nigeria,NigeriaThis Day,This Day,a3a288a6-0200-4f87-936b-f525342f291a
92167d54-96bb-4dcb-90aa-b185584c5c25,"Army, Navy Redeploy Senior Officers",,2014-02-13,,http://www.thisdaylive.com/articles/army-navy-redeploy-senior-officers/171306/,https://web.archive.org/web/20150207223407/http://www.thisdaylive.com/articles/army-navy-redeploy-senior-officers/171306/,2015-02-07T22:34:07,92167d54-96bb-4dcb-90aa-b185584c5c25,,Nigeria,NigeriaThis Day,This Day,a3a288a6-0200-4f87-936b-f525342f291a
92afd7db-26be-4eed-b0b6-4b18eb521df0,21 Brigade of the Nigerian Army gets new commander,,2017-05-01,,https://www.dailytrust.com.ng/news/general/21-brigade-of-the-nigerian-army-gets-new-commander/195748.html,https://web.archive.org/web/20170501054017/https://www.dailytrust.com.ng/news/general/21-brigade-of-the-nigerian-army-gets-new-commander/195748.html,2017-05-01T05:40:17,92afd7db-26be-4eed-b0b6-4b18eb521df0,,Nigeria,NigeriaDaily Trust,Daily Trust,ffc4fc8e-45e1-4ddb-9faa-55c7e16f81ee
93601bd5-e894-4699-85d4-f6bebcf55ab8,Brig-Gen. Raji - the Road to Court Marshal,,2011-08-25,,http://allafrica.com/stories/201108250762.html,No archive available,,93601bd5-e894-4699-85d4-f6bebcf55ab8,,Nigeria,NigeriaDaily Trust,Daily Trust,ffc4fc8e-45e1-4ddb-9faa-55c7e16f81ee
949241ed-6b48-4dfe-a7d3-aad59ce53b73,"Army captures Alagarno, Boko Haram `spiritual power base’",,2016-03-30,,http://www.vanguardngr.com/2016/03/army-captures-alagarno-boko-haram-spiritual-power-base/,https://web.archive.org/web/20160330230355/http://www.vanguardngr.com/2016/03/army-captures-alagarno-boko-haram-spiritual-power-base/,2016-03-30T23:03:55,949241ed-6b48-4dfe-a7d3-aad59ce53b73,,Nigeria,NigeriaVanguard,Vanguard,33dae0fb-dbca-4d74-8e52-032b7c337789
95685004-1904-4e0b-b5ac-f13aa795dc44,"2011 - Army Will Review Operations, Says Dambazau.",,2010-05-19,,http://allafrica.com/stories/201005190193.html,,,95685004-1904-4e0b-b5ac-f13aa795dc44,,Nigeria,NigeriaThis Day,This Day,a3a288a6-0200-4f87-936b-f525342f291a
96b4be35-d114-4d2e-a6f2-b02f0fa7532f,Terrorism - Army Sends GOC to Office,,2014-10-25,,http://www.vanguardngr.com/2014/10/terrorism-army-sends-goc-office/,https://web.archive.org/web/20141025074749/http://www.vanguardngr.com/2014/10/terrorism-army-sends-goc-office/,2014-10-25T07:47:49,96b4be35-d114-4d2e-a6f2-b02f0fa7532f,,Nigeria,NigeriaVanguard,Vanguard,33dae0fb-dbca-4d74-8e52-032b7c337789
96c03f26-869e-4967-80c0-0e2de256d730,"Bakassi Killings: Nigerian Soldiers Not Involved, Azazi Insists",,2007-11-16,,http://www.thisdayonline.com/nview.php?id=95384,https://web.archive.org/web/20071120020138/http://www.thisdayonline.com/nview.php?id=95384,2007-11-20T02:01:38,96c03f26-869e-4967-80c0-0e2de256d730,,Nigeria,NigeriaThis Day,This Day,a3a288a6-0200-4f87-936b-f525342f291a
9765187c-ccfc-4ad5-8df2-13dd99a99a6a,Coas Promises to Transform Army,,2012-06-15,,http://www.vanguardngr.com/2012/06/coas-promises-to-transform-army/,https://web.archive.org/web/20120615111201/http://www.vanguardngr.com/2012/06/coas-promises-to-transform-army/,2012-06-15T11:12:01,9765187c-ccfc-4ad5-8df2-13dd99a99a6a,,Nigeria,NigeriaVanguard,Vanguard,33dae0fb-dbca-4d74-8e52-032b7c337789
98f9bf12-c64e-47d2-9d79-8621189850a9,NDA Boss Calls for Combat Alertness,,2008-10-12,,http://allafrica.com/stories/200810130674.html,No archive available,,98f9bf12-c64e-47d2-9d79-8621189850a9,,Nigeria,NigeriaDaily Trust,Daily Trust,ffc4fc8e-45e1-4ddb-9faa-55c7e16f81ee
9a29c2cd-6837-4491-adda-6241c624f75a,COAS Annual Conference Begins October in Owerri,,2004-10-13,,http://allafrica.com/stories/200410130403.html,No archive available,,9a29c2cd-6837-4491-adda-6241c624f75a,,Nigeria,NigeriaVanguard,Vanguard,33dae0fb-dbca-4d74-8e52-032b7c337789
9ad83488-67aa-475c-8a7e-8210fb55f86c,GOC - Insurgency Will Soon End,,2015-07-27,,http://allafrica.com/stories/201507270974.html,No archive available,,9ad83488-67aa-475c-8a7e-8210fb55f86c,,Nigeria,NigeriaThis Day,This Day,a3a288a6-0200-4f87-936b-f525342f291a
a289bf40-5936-4c11-b7ac-41b52cc636b6,Escape of Detainees - GOC 3 Division Sets Up Martial Court to Try Gen Raji,,2011-08-16,,http://allafrica.com/stories/201108170773.html,No archive available,,a289bf40-5936-4c11-b7ac-41b52cc636b6,,Nigeria,NigeriaDaily Independent,Daily Independent,423a4021-db29-4780-9cee-688d88790af8
a2922c4e-d151-4b62-b0e1-bfe41d1af48c,Shake-Up in Army,,2009-01-10,,http://allafrica.com/stories/200901120558.html,https://web.archive.org/web/20100911084631/http://allafrica.com:80/stories/200901120558.html,2010-09-11T08:46:31,a2922c4e-d151-4b62-b0e1-bfe41d1af48c,,Nigeria,NigeriaVanguard,Vanguard,33dae0fb-dbca-4d74-8e52-032b7c337789
a2c6f7fd-c96b-4577-8694-0a0b402e2751,"3 soldiers, 2 civilian JTF members killed by Boko Haram in shootout in Borno",,2018-03-19,2018-08-03,https://www.vanguardngr.com/2018/04/976883/,https://web.archive.org/web/20180803155323/https://www.vanguardngr.com/2018/04/976883/,,a2c6f7fd-c96b-4577-8694-0a0b402e2751,,Nigeria,NigeriaVanguard,Vanguard,33dae0fb-dbca-4d74-8e52-032b7c337789
a420727a-991b-4b03-9328-a46a16f95aa2,"Man Gets Title, Car, N",,2015-05-20,,http://allafrica.com/stories/201505201313.html,No archive available,,a420727a-991b-4b03-9328-a46a16f95aa2,,Nigeria,NigeriaDaily Trust,Daily Trust,ffc4fc8e-45e1-4ddb-9faa-55c7e16f81ee
a59c863d-ca68-4191-9778-69f31a816d9c,"Finally, Nigerian Troops Bombard Sambisa Forest",,2015-02-03,,http://leadership.ng/news/408993/finally-nigerian-troops-bombard-sambisa-forest,https://web.archive.org/web/20150204161545/http://leadership.ng/news/408993/finally-nigerian-troops-bombard-sambisa-forest,2015-02-04T16:15:45,a59c863d-ca68-4191-9778-69f31a816d9c,,Nigeria,NigeriaLeadership,Leadership,8f96e06a-1bfa-47a4-b05f-e6360770aca4
a5ab998f-64fd-4d7a-a0ef-6fb0b6d6c8f0,Shocking !!! Police discover 40 feet well stored with petroleum products in Lagos,,2010-07-30,,http://www.vanguardngr.com/2010/07/shocking-police-discover-40-feet-well-stored-with-petroleum-products-in-lagos/,https://web.archive.org/web/20150425013441/http://www.vanguardngr.com/2010/07/shocking-police-discover-40-feet-well-stored-with-petroleum-products-in-lagos/,2015-04-25T01:34:41,a5ab998f-64fd-4d7a-a0ef-6fb0b6d6c8f0,,Nigeria,NigeriaVanguard,Vanguard,33dae0fb-dbca-4d74-8e52-032b7c337789
a7105b41-1e5c-4d6b-8920-ebad5d9e068c,"New GOC, others appointed as Army retires 7 generals",,2013-09-04,,http://sunnewsonline.com/new/?p=37444,https://web.archive.org/web/20151129042412/http://sunnewsonline.com/new/new-goc-others-appointed-as-army-retires-7-generals/,2015-11-29T04:24:12,a7105b41-1e5c-4d6b-8920-ebad5d9e068c,,Nigeria,NigeriaThe Sun,The Sun,7787a9e0-eb02-4236-a491-0392404b0e64
a78c84f2-bd87-40fb-8a16-2d5727462f6c,"Major shake-up in Nigerian Army, 334 top officers redeployed",,2015-07-30,,http://www.premiumtimesng.com/news/top-news/187482-major-shake-up-in-nigerian-army-334-top-officers-redeployed.html,https://web.archive.org/web/20160529120510/http://www.premiumtimesng.com/news/top-news/187482-major-shake-up-in-nigerian-army-334-top-officers-redeployed.html,2016-05-29T12:05:10,a78c84f2-bd87-40fb-8a16-2d5727462f6c,,Nigeria,NigeriaPremium Times,Premium Times,80936b96-33ba-406a-babe-7abd5b0391f0
a8f056ec-010e-4e4a-8f19-73b5bea91fd2,I'll Tackle Jos Crisis - New GOC,,2009-01-27,,http://allafrica.com/stories/200901270079.html,No archive available,,a8f056ec-010e-4e4a-8f19-73b5bea91fd2,,Nigeria,NigeriaThis Day,This Day,a3a288a6-0200-4f87-936b-f525342f291a
a90822fc-77bf-48e5-942e-5cb8d1fee32c,Boko Haram Attacks Possible in Ogun - Army Chief,,2014-04-04,,http://www.vanguardngr.com/2014/04/boko-haram-attacks-possible-ogun-army-chief/,https://web.archive.org/web/20140404042742/http://www.vanguardngr.com/2014/04/boko-haram-attacks-possible-ogun-army-chief/,2014-04-04T04:27:42,a90822fc-77bf-48e5-942e-5cb8d1fee32c,,Nigeria,NigeriaVanguard,Vanguard,33dae0fb-dbca-4d74-8e52-032b7c337789
aaaec31f-fda5-46f1-9db8-b399f17310c6,Boko Haram - New Dawn in Winning the War On Terror,,2014-10-01,,http://www.vanguardngr.com/2014/10/boko-haram-new-dawn-winning-war-terror/,https://web.archive.org/web/20141002043100/http://www.vanguardngr.com/2014/10/boko-haram-new-dawn-winning-war-terror/,2014-10-02T04:31:00,aaaec31f-fda5-46f1-9db8-b399f17310c6,,Nigeria,NigeriaVanguard,Vanguard,33dae0fb-dbca-4d74-8e52-032b7c337789
aba16380-5c24-4aee-885e-d61ce0597e70,Boko Haram - Nigeria Army Compensates Families of Slain Soldiers,,2012-09-16,,http://allafrica.com/stories/201209170179.html,No archive available,,aba16380-5c24-4aee-885e-d61ce0597e70,,Nigeria,NigeriaThis Day,This Day,a3a288a6-0200-4f87-936b-f525342f291a
ac45a2cb-34af-450b-9497-d1334af0db1b,Tambuwal Flays Poor Ranking Of Nigerian Varsities,,2015-12-09,,http://www.thetidenewsonline.com/2015/12/09/tambuwal-flays-poor-ranking-of-nigerian-varsities/,https://web.archive.org/web/20171221150602/http://www.thetidenewsonline.com/2015/12/09/tambuwal-flays-poor-ranking-of-nigerian-varsities/,2017-12-21T15:06:02,ac45a2cb-34af-450b-9497-d1334af0db1b,,Nigeria,NigeriaThe Tide,The Tide,a445d5ae-dde0-4d87-a8ae-9dd85bcfdf74
ac88de9e-cfbb-4512-956b-8eaa5f25b54f,Army Will Tackle Security Lapses,,2011-02-07,,http://allafrica.com/stories/201102070365.html,No archive available,,ac88de9e-cfbb-4512-956b-8eaa5f25b54f,,Nigeria,NigeriaThis Day,This Day,a3a288a6-0200-4f87-936b-f525342f291a
b12b91b8-63a8-41e1-910a-94d72a0548f7,Army General Dies in Auto Crash,,2016-03-08,,http://www.premiumtimesng.com/news/top-news/199795-nigerian-army-general-dies-auto-crash.html,https://web.archive.org/web/20160329063551/http://www.premiumtimesng.com/news/top-news/199795-nigerian-army-general-dies-auto-crash.html,2016-03-29T06:35:51,b12b91b8-63a8-41e1-910a-94d72a0548f7,,Nigeria,NigeriaPremium Times,Premium Times,80936b96-33ba-406a-babe-7abd5b0391f0
b166faeb-7005-422d-8dd1-b8039edc0705,"Lagos, 20 other states get new Police Commissioners",,2014-09-08,,http://www.vanguardngr.com/2014/09/lagos-20-states-get-new-command-police-commissioners/,https://web.archive.org/web/20160623162449/http://www.vanguardngr.com/2014/09/lagos-20-states-get-new-command-police-commissioners/,2016-06-23T16:24:49,b166faeb-7005-422d-8dd1-b8039edc0705,,Nigeria,NigeriaVanguard,Vanguard,33dae0fb-dbca-4d74-8e52-032b7c337789
b2b830c3-807c-48a3-a37e-6fb63cc08bf2,Mutiny - 'Court Action Negates Rule of Law',,2009-01-14,,http://allafrica.com/stories/200901150313.html,No archive available,,b2b830c3-807c-48a3-a37e-6fb63cc08bf2,,Nigeria,NigeriaThis Day,This Day,a3a288a6-0200-4f87-936b-f525342f291a
b367bbc1-0e17-4114-bae3-542eb49c3631,Brigadier General Laleye takes over as APR Director,,2014-01-08,,http://ww2.radionigeria.gov.ng/frnews-detail.php?ID=8118,https://web.archive.org/web/20171220190205/http://ww2.radionigeria.gov.ng/frnews-detail.php?ID=8118,2017-12-20T19:02:05,b367bbc1-0e17-4114-bae3-542eb49c3631,,Nigeria,NigeriaRadio Nigeria,Radio Nigeria,6c9b44a1-4c71-4bff-b701-af9b8d2be13b
b533adfe-ec48-4fc7-8491-d4e890188506,"Troops Arrest Three Boko Haram Commanders, Kill 22 Others",,2016-04-13,,http://guardian.ng/news/troops-arrest-three-boko-haram-commanders-kill-22-others/,https://web.archive.org/web/20160421160915/http://guardian.ng/news/troops-arrest-three-boko-haram-commanders-kill-22-others/,2016-04-21T16:09:15,b533adfe-ec48-4fc7-8491-d4e890188506,,Nigeria,NigeriaThe Guardian,The Guardian,966737d1-e1b8-4498-8a96-9b42eceb25d3
b6cf16e7-151c-4b9f-bd1f-6dd3ef055294,"Soldiers celebrate Christmas in Gwoza, Buni Yadi",,2017-12-26,2018-08-26,https://www.vanguardngr.com/2017/12/soldiers-celebrate-christmas-gwoza-buni-yadi/,https://web.archive.org/web/20180826005301/https://www.vanguardngr.com/2017/12/soldiers-celebrate-christmas-gwoza-buni-yadi/,,b6cf16e7-151c-4b9f-bd1f-6dd3ef055294,,Nigeria,NigeriaVanguard,Vanguard,33dae0fb-dbca-4d74-8e52-032b7c337789
b7fde9d1-2bfa-4bb9-a08c-f2e29c756081,"Nigeria, UK, U",,2013-10-19,,http://allafrica.com/stories/201310210376.html,No archive available,,b7fde9d1-2bfa-4bb9-a08c-f2e29c756081,,Nigeria,NigeriaThis Day,This Day,a3a288a6-0200-4f87-936b-f525342f291a
b917cf37-9202-4c84-bfc6-517196ff9d04,UN to Accredit Nigerian Army Peacekeeping Centre,,2009-10-13,,http://allafrica.com/stories/200910140246.html,No archive available,,b917cf37-9202-4c84-bfc6-517196ff9d04,,Nigeria,NigeriaThis Day,This Day,a3a288a6-0200-4f87-936b-f525342f291a
ba9dfc0a-9100-4268-a0be-8ff285891d30,"Benue, Enugu Killings: Islamic group reacts, says blaming Fulani herdsmen “absurd”",,2016-05-01,,https://www.vanguardngr.com/2016/05/benue-enugu-killings-islamic-group-reacts-says-blaming-fulani-herdsmen-absurd/,https://web.archive.org/web/20160706124247/http://www.vanguardngr.com:80/2016/05/benue-enugu-killings-islamic-group-reacts-says-blaming-fulani-herdsmen-absurd/,2016-07-06T12:42:47,ba9dfc0a-9100-4268-a0be-8ff285891d30,,Nigeria,NigeriaVanguard,Vanguard,33dae0fb-dbca-4d74-8e52-032b7c337789
baee185f-1173-44ac-86cc-39571202c0a6,Major Shakeup in Army - COAS Redeploys 317 Officers,,2013-01-29,,http://allafrica.com/stories/201301290161.html,https://web.archive.org/20131002160911/http://allafrica.com/stories/201301290161.html,2013-10-02T16:09:11,baee185f-1173-44ac-86cc-39571202c0a6,,Nigeria,NigeriaLeadership,Leadership,8f96e06a-1bfa-47a4-b05f-e6360770aca4
bb18283d-e1f4-438e-b7d7-be275b5086f8,Boko Haram: Rogers Nicholas replaces Attahiru as theatre commander,,2017-12-06,,http://dailypost.ng/2017/12/06/boko-haram-rogers-nicholas-replaces-attahiru-theatre-commander/,https://web.archive.org/web/20171208132009/http://dailypost.ng/2017/12/06/boko-haram-rogers-nicholas-replaces-attahiru-theatre-commander/,2017-12-08T13:20:09,bb18283d-e1f4-438e-b7d7-be275b5086f8,,Nigeria,NigeriaDaily Post,Daily Post,3bf7a446-d6b6-4287-a11c-61b6e741c691
bb63b226-f564-47bc-a3f4-c4cbd582051e,Ejection - Cross River Government Drags FG to Court,,2007-10-16,,http://allafrica.com/stories/200710160364.html,No archive available,,bb63b226-f564-47bc-a3f4-c4cbd582051e,,Nigeria,NigeriaLeadership,Leadership,8f96e06a-1bfa-47a4-b05f-e6360770aca4
bbac1cf1-2414-4be2-b566-32d40004b45a,Sacked GOCs Get New Posts,,2010-09-27,,http://allafrica.com/stories/201009270564.html,No archive available,,bbac1cf1-2414-4be2-b566-32d40004b45a,,Nigeria,NigeriaDaily Trust,Daily Trust,ffc4fc8e-45e1-4ddb-9faa-55c7e16f81ee
bf0b4628-a7a4-478b-9604-be6f2f6df284,Chief of Army Staff vows military will end insurgency,,2015-04-30,,https://www.vanguardngr.com/2015/04/chief-of-army-staff-vows-military-will-end-insurgency/,https://web.archive.org/web/20150504040329/http://www.vanguardngr.com:80/2015/04/chief-of-army-staff-vows-military-will-end-insurgency/,2015-05-04T04:03:29,bf0b4628-a7a4-478b-9604-be6f2f6df284,,Nigeria,NigeriaVanguard,Vanguard,33dae0fb-dbca-4d74-8e52-032b7c337789
bf32e1a3-4e23-4036-86c3-d7367c8d1da9,Kano Govt to Facilitate N2 Billion Loan for SMEs - Gov Ganduje,,2015-09-09,,http://allafrica.com/stories/201509090282.html,No archive available,,bf32e1a3-4e23-4036-86c3-d7367c8d1da9,,Nigeria,NigeriaDaily Trust,Daily Trust,ffc4fc8e-45e1-4ddb-9faa-55c7e16f81ee
bf7f6415-99a0-40ef-adf4-709e3d53935b,"Troops Kill 50 Insurgents, As Army Chief Visits Borno",,2013-09-07,,http://ireporters247.blogspot.com/2013/09/troops-kill-50-insurgents-as-army-chief.html,http://web.archive.org/web/20170822121310/http://ireporters247.blogspot.com/2013/09/troops-kill-50-insurgents-as-army-chief.html,2017-08-22T12:13:10,bf7f6415-99a0-40ef-adf4-709e3d53935b,,Nigeria,NigeriaLeadership,Leadership,8f96e06a-1bfa-47a4-b05f-e6360770aca4
c33d75b1-a026-40e6-92a3-fe0ee1aa75c2,"Troops kill many bandits, arrest Boko Haram logistics supplier in Kaduna",,2018-06-09,2018-08-06,https://www.vanguardngr.com/2018/06/army-kill-many-bandits-kaduna-arrest-boko-haram-logistics-supplier/,https://web.archive.org/web/20180806153615/https://www.vanguardngr.com/2018/06/army-kill-many-bandits-kaduna-arrest-boko-haram-logistics-supplier/,,c33d75b1-a026-40e6-92a3-fe0ee1aa75c2,,Nigeria,NigeriaVanguard,Vanguard,33dae0fb-dbca-4d74-8e52-032b7c337789
c3f65f09-5a83-4bc8-ad01-d23b404f4989,"GOC, Brigade Commander Move to Liberate Monguno",,2015-02-15,,http://leadership.ng/news/411873/goc-brigade-commander-move-to-liberate-monguno,https://web.archive.org/web/20150321195741/http://leadership.ng/news/411873/goc-brigade-commander-move-to-liberate-monguno,2015-03-21T19:57:41,c3f65f09-5a83-4bc8-ad01-d23b404f4989,,Nigeria,NigeriaLeadership,Leadership,8f96e06a-1bfa-47a4-b05f-e6360770aca4
c69e5624-93f3-41cd-8601-d5324ae8d29d,Army Committed to Indivisible Country - General Idoko,,2010-10-21,,http://allafrica.com/stories/201010210109.html,No archive available,,c69e5624-93f3-41cd-8601-d5324ae8d29d,,Nigeria,NigeriaDaily Trust,Daily Trust,ffc4fc8e-45e1-4ddb-9faa-55c7e16f81ee
c82d8cda-c2cd-4299-801c-0b3a736ab122,"We'll Checkmate Militants' Activities, Says Army Boss",,2009-10-02,,http://allafrica.com/stories/200910020858.html,No archive available,,c82d8cda-c2cd-4299-801c-0b3a736ab122,,Nigeria,NigeriaVanguard,Vanguard,33dae0fb-dbca-4d74-8e52-032b7c337789
c8bc3668-4ee8-4c50-b2e4-b82816c141ef,Igbo Stores Closed as Peace Returns to Bauchi,,2009-02-26,,http://allafrica.com/stories/200902260401.html,No archive available,,c8bc3668-4ee8-4c50-b2e4-b82816c141ef,,Nigeria,NigeriaVanguard,Vanguard,33dae0fb-dbca-4d74-8e52-032b7c337789
c90dca61-35e9-4004-bd34-88344c4bbf26,"Army Pays Operational Allowances Upfront, Treats Six War Casualties Abroad'",,2014-07-26,,http://allafrica.com/stories/201407281511.html,No archive available,,c90dca61-35e9-4004-bd34-88344c4bbf26,,Nigeria,NigeriaThis Day,This Day,a3a288a6-0200-4f87-936b-f525342f291a
ca6cd9b7-d92f-4c50-9c15-c661c2c4376d,"Army Redeploys Minimah, Others",,2013-01-28,,http://allafrica.com/stories/201301281046.html,No archive available,,ca6cd9b7-d92f-4c50-9c15-c661c2c4376d,,Nigeria,NigeriaDaily Trust,Daily Trust,ffc4fc8e-45e1-4ddb-9faa-55c7e16f81ee
ca9507f3-f385-4b3c-8a18-13a5eca53c9f,Violence Mars Polls - 52 Killed,,2007-04-15,,http://allafrica.com/stories/200704150009.html,No archive available,,ca9507f3-f385-4b3c-8a18-13a5eca53c9f,,Nigeria,NigeriaVanguard,Vanguard,33dae0fb-dbca-4d74-8e52-032b7c337789
cd2518d9-5399-4a89-aca4-cade1f015461,"Military Can Tackle Internal Security Challenges, Says GOC",,2011-11-14,,http://www.vanguardngr.com/2011/11/military-can-tackle-internal-security-challenges-says-goc/,https://web.archive.org/web/20111114210944/http://www.vanguardngr.com/2011/11/military-can-tackle-internal-security-challenges-says-goc/,2011-11-14T21:09:44,cd2518d9-5399-4a89-aca4-cade1f015461,,Nigeria,NigeriaVanguard,Vanguard,33dae0fb-dbca-4d74-8e52-032b7c337789
cfa4d127-c092-4d43-a409-897f5a4081cc,Stars on their shoulders. Blood on their hands. War crimes committed by the Nigerian military,12,2015-06-02,,https://www.amnesty.org/en/documents/afr44/1657/2015/en/,https://web.archive.org/web/20150910231307/https://www.amnesty.org/en/documents/afr44/1657/2015/en/,2015-09-10T23:13:07,cfa4d127-c092-4d43-a409-897f5a4081cc,,United Kingdom,United KingdomAmnesty International,Amnesty International,2190a9b4-8163-47a6-8461-3157f68c3ba3
d0242be6-748c-49c1-805e-781982d2ade8,Army moves against terrorism in Lagos,,2014-02-07,,http://sunnewsonline.com/new/?p=51108,https://web.archive.org/web/20140209221915/http://sunnewsonline.com/new/national/army-moves-terrorism-lagos/,2014-02-09T22:19:15,d0242be6-748c-49c1-805e-781982d2ade8,,Nigeria,NigeriaThe Sun,The Sun,7787a9e0-eb02-4236-a491-0392404b0e64
d0381937-4a5a-496e-ad2f-c3ee9043a93f,"Army ""Corners"" Boko Haram Leader, Shekau, In Borno Hills-Punch Newspaper",,2013-07-26,,http://saharareporters.com/2013/07/26/army-corners-boko-haram-leader-shekau-borno-hills-punch-newspaper,https://web.archive.org/web/20140808234344/http://saharareporters.com/2013/07/26/army-corners-boko-haram-leader-shekau-borno-hills-punch-newspaper,2014-08-08T23:43:44,d0381937-4a5a-496e-ad2f-c3ee9043a93f,,United States of America,United States of AmericaSahara Reporters,Sahara Reporters,5b8133a3-574d-4d01-8829-2211256b5a03
d13c203d-33ed-425a-aba6-4f53ed199fc7,Commander Seeks Collaboration With Traditional Rulers On Insurgency,,2015-09-18,,http://allafrica.com/stories/201509180109.html,No archive available,,d13c203d-33ed-425a-aba6-4f53ed199fc7,,Nigeria,NigeriaDaily Trust,Daily Trust,ffc4fc8e-45e1-4ddb-9faa-55c7e16f81ee
d1c0ca05-e9e9-4615-b996-ced14ae53311,Army Gets Gun-Boats to Figth Oil Theft in Niger,,2013-08-23,,http://allafrica.com/stories/201308260563.html,No archive available,,d1c0ca05-e9e9-4615-b996-ced14ae53311,,Nigeria,NigeriaVanguard,Vanguard,33dae0fb-dbca-4d74-8e52-032b7c337789
d43c3d21-d486-4423-842e-90adae33724d,Special Report - Inside the Massive Extrajudicial Killings in Nigeria's South-East,,2016-06-08,,http://www.premiumtimesng.com/investigationspecial-reports/204902-special-report-inside-massive-extrajudicial-killings-nigerias-south-east.html,https://web.archive.org/web/20160610152403/http://www.premiumtimesng.com/investigationspecial-reports/204902-special-report-inside-massive-extrajudicial-killings-nigerias-south-east.html,2016-06-10T15:24:03,d43c3d21-d486-4423-842e-90adae33724d,,Nigeria,NigeriaPremium Times,Premium Times,80936b96-33ba-406a-babe-7abd5b0391f0
d732f15f-f54c-4716-9429-8a4a5636c912,Insurgency - Army Rewards Injured Officers,,2014-09-15,,http://allafrica.com/stories/201409152501.html,No archive available,,d732f15f-f54c-4716-9429-8a4a5636c912,,Nigeria,NigeriaDaily Trust,Daily Trust,ffc4fc8e-45e1-4ddb-9faa-55c7e16f81ee
d76f4d12-8c45-4724-9912-9f698b2929dc,"35 bandits killed, 39 others arrested in North-East – Nigerian Army",,2016-03-19,,http://www.premiumtimesng.com/news/top-news/200415-35-bandits-killed-39-others-arrested-north-east-nigerian-army.html,https://web.archive.org/web/20160324065014/http://www.premiumtimesng.com/news/top-news/200415-35-bandits-killed-39-others-arrested-north-east-nigerian-army.html,2016-03-24T06:50:14,d76f4d12-8c45-4724-9912-9f698b2929dc,,Nigeria,NigeriaPremium Times,Premium Times,80936b96-33ba-406a-babe-7abd5b0391f0
d8bf80b6-98be-4bde-86bf-d495503bc984,Army Wraps up Military Exercise in South-east,,2017-10-16,,https://www.thisdaylive.com/index.php/2017/10/16/army-wraps-up-military-exercise-in-south-east/,https://web.archive.org/web/20171016060611/https://www.thisdaylive.com/index.php/2017/10/16/army-wraps-up-military-exercise-in-south-east/,2017-10-16T06:06:11,d8bf80b6-98be-4bde-86bf-d495503bc984,,Nigeria,NigeriaThis Day,This Day,a3a288a6-0200-4f87-936b-f525342f291a
d8c1e434-858d-4f9b-b306-001c9224b9b0,"24 Killed in Bauchi, Jos Attacks",,2011-01-28,,http://allafrica.com/stories/201101280503.html,https://web.archive.org/20110130044716/http://allafrica.com:80/stories/201101280503.html,2011-01-30T04:47:16,d8c1e434-858d-4f9b-b306-001c9224b9b0,,Nigeria,NigeriaLeadership,Leadership,8f96e06a-1bfa-47a4-b05f-e6360770aca4
d9090269-1988-420d-a0fc-2085c0066a92,Kebbi gov. donates cash to slain soldiers’ wives,,2017-08-31,,http://sunnewsonline.com/kebbi-gov-donates-cash-to-slain-soldiers-wives/,https://web.archive.org/web/20170831171939/http://sunnewsonline.com/kebbi-gov-donates-cash-to-slain-soldiers-wives/,2017-08-31T17:19:39,d9090269-1988-420d-a0fc-2085c0066a92,,Nigeria,NigeriaThe Sun,The Sun,7787a9e0-eb02-4236-a491-0392404b0e64
d9ae6e20-eb12-4c81-9286-32756ea33a82,"3 killed, one arrested as JTF, terrorists clash in Damaturu",,2012-07-02,,http://www.vanguardngr.com/2012/07/3-killed-one-arrested-as-jtf-terrorists-clash-in-damaturu/,https://web.archive.org/web/20120702074843/http://www.vanguardngr.com/2012/07/3-killed-one-arrested-as-jtf-terrorists-clash-in-damaturu/,2012-07-02T07:48:43,d9ae6e20-eb12-4c81-9286-32756ea33a82,,Nigeria,NigeriaVanguard,Vanguard,33dae0fb-dbca-4d74-8e52-032b7c337789
de94c77e-8b02-4940-980d-f090f1e7a4b3,GOCs Redeployed in Army Shake-Up,,2012-02-16,,http://allafrica.com/stories/201202160793.html,No archive available,,de94c77e-8b02-4940-980d-f090f1e7a4b3,,Nigeria,NigeriaDaily Trust,Daily Trust,ffc4fc8e-45e1-4ddb-9faa-55c7e16f81ee
dfb43e98-9ee5-44be-9770-cac6c5e11d17,NEW THEATRE COMMANDERS FOR OPERATION LAFIYA DOLE APPOINTED,,2015-12-18,,http://defenceinfo.mil.ng/new-theatre-commanders-for-operation-lafiya-dole-appointed/,https://web.archive.org/web/20160407205653/http://defenceinfo.mil.ng/new-theatre-commanders-for-operation-lafiya-dole-appointed/,2016-04-07T20:56:53,dfb43e98-9ee5-44be-9770-cac6c5e11d17,,Nigeria,NigeriaDefence Headquarters,Defence Headquarters,3187c166-95a5-41b3-b2dd-f5e2edcd8dd6
e12a7970-4bda-477a-b8ee-7dcc64b51bb8,Nigerian Army 1 Division.,,,,http://army.mil.ng/Nigerian%20Army%20-%201%20Division.htm,https://web.archive.org/web/20140307233938/http://army.mil.ng:80/Nigerian%20Army%20-%201%20Division.htm,2014-03-07T23:39:38,e12a7970-4bda-477a-b8ee-7dcc64b51bb8,,Nigeria,NigeriaNigerian Army,Nigerian Army,0a15e4a0-56bf-440d-bc1a-44a444700ac8
e20c003f-b64d-4196-87fe-18edbe3c2259,"PDP's Perfected Plot to Rig Polls, Alleges Oshiomhole",,2015-02-26,,http://www.vanguardngr.com/2015/02/pdps-perfected-plot-to-rig-polls-alleges-oshiomhole/,https://web.archive.org/web/20150316111955/http://www.vanguardngr.com/2015/02/pdps-perfected-plot-to-rig-polls-alleges-oshiomhole/,2015-03-16T11:19:55,e20c003f-b64d-4196-87fe-18edbe3c2259,,Nigeria,NigeriaVanguard,Vanguard,33dae0fb-dbca-4d74-8e52-032b7c337789
e408924f-c68f-4723-9b08-1db4172c851e,Ogomudia Commissions Retired Soldiers' Houses,,2002-06-04,,http://allafrica.com/stories/200206040539.html,No archive available,,e408924f-c68f-4723-9b08-1db4172c851e,,Nigeria,NigeriaThis Day,This Day,a3a288a6-0200-4f87-936b-f525342f291a
e48764f9-b89b-4ac8-b2a4-6b5d37ffb07d,Emergency Rule - Economic Activities Grounded in Three States,,2013-05-17,,http://www.leadership.ng/news/170513/emergency-rule-economic-activities-grounded-3-states,https://web.archive.org/web/20130609170713/http://www.leadership.ng/news/170513/emergency-rule-economic-activities-grounded-3-states,2013-06-09T17:07:13,e48764f9-b89b-4ac8-b2a4-6b5d37ffb07d,,Nigeria,NigeriaLeadership,Leadership,8f96e06a-1bfa-47a4-b05f-e6360770aca4
e4dbed3c-8b08-4325-b239-86d1e9b2f574,"Soldiers Seize Leadership, Daily Trust, the Nation Newspapers in Minna",,2014-06-10,,http://allafrica.com/stories/201406100282.html,https://web.archive.org/20140610142955/http://allafrica.com/stories/201406100282.html,2014-06-10T14:29:55,e4dbed3c-8b08-4325-b239-86d1e9b2f574,,Nigeria,NigeriaLeadership,Leadership,8f96e06a-1bfa-47a4-b05f-e6360770aca4
e6229f5c-fe49-4fa2-b296-6cbc8ee0013d,Akeredolu Laments Rise In Kidnap Cases,,2017-07-26,,https://www.pmnewsnigeria.com/2017/07/26/akeredolu-laments-rise-kidnap-cases/,https://web.archive.org/web/20170727013019/https://www.pmnewsnigeria.com/2017/07/26/akeredolu-laments-rise-kidnap-cases/,2017-07-27T01:30:19,e6229f5c-fe49-4fa2-b296-6cbc8ee0013d,,Nigeria,NigeriaPM News,P.M. News,4d3e2ef3-26b4-4a14-ae83-ee3302c2adbe
e6fe5fa5-4cbb-4b19-8ad7-4c47769b745b,"Boko Haram Kills 24 Soldiers, Injures Obasanjo's Son",,2014-09-08,,http://allafrica.com/stories/201409090167.html,No archive available,,e6fe5fa5-4cbb-4b19-8ad7-4c47769b745b,,Nigeria,NigeriaThe Guardian,The Guardian,966737d1-e1b8-4498-8a96-9b42eceb25d3
e7542a2c-23f6-4cf9-bf3f-88b92ac16210,Sultan Dasuki - How to End Bloodshed in the Country,,2012-02-07,,http://allafrica.com/stories/201202071224.html,No archive available,,e7542a2c-23f6-4cf9-bf3f-88b92ac16210,,Nigeria,NigeriaLeadership,Leadership,8f96e06a-1bfa-47a4-b05f-e6360770aca4
e7624061-1fee-47c0-b3ff-d0d5a8800e9b,Security Challenges: GOC Organises Training for Army Formations,,2017-02-21,,https://www.thisdaylive.com/index.php/2017/02/21/security-challenges-goc-organises-training-for-army-formations/,https://web.archive.org/web/20170405042700/https://www.thisdaylive.com/index.php/2017/02/21/security-challenges-goc-organises-training-for-army-formations/,2017-04-05T04:27:00,e7624061-1fee-47c0-b3ff-d0d5a8800e9b,,Nigeria,NigeriaThis Day,This Day,a3a288a6-0200-4f87-936b-f525342f291a
e94b444c-331b-4c3f-a806-34299fcc4b89,"23 cultists, 15 vandals in trouble",,2018-04-21,2018-08-26,https://www.vanguardngr.com/2018/04/23-cultists-15-vandals-trouble/,https://web.archive.org/web/20180826000551/https://www.vanguardngr.com/2018/04/23-cultists-15-vandals-trouble/,,e94b444c-331b-4c3f-a806-34299fcc4b89,,Nigeria,NigeriaVanguard,Vanguard,33dae0fb-dbca-4d74-8e52-032b7c337789
e979fd13-cefc-4081-8386-3726c9576970,"Army, Airforce Move Into Jos",,2011-09-14,,http://www.vanguardngr.com/2011/09/army-airforce-move-into-jos/,https://web.archive.org/web/20110914090317/http://www.vanguardngr.com/2011/09/army-airforce-move-into-jos/,2011-09-14T09:03:17,e979fd13-cefc-4081-8386-3726c9576970,,Nigeria,NigeriaVanguard,Vanguard,33dae0fb-dbca-4d74-8e52-032b7c337789
eb2bf65d-f637-401e-96b8-beff83e8c912,Governor Seeks Military Assistance On Porous Borders,,2002-03-12,,http://allafrica.com/stories/200203120077.html,No archive available,,eb2bf65d-f637-401e-96b8-beff83e8c912,,Nigeria,NigeriaThis Day,This Day,a3a288a6-0200-4f87-936b-f525342f291a
eb2cd201-ee72-4d8c-898b-386a21f9f2bb,Saraki: Let's Avoid Military Take-Over Again,,2005-07-26,,http://allafrica.com/stories/200507260804.html,No archive available,,eb2cd201-ee72-4d8c-898b-386a21f9f2bb,,Nigeria,NigeriaThis Day,This Day,a3a288a6-0200-4f87-936b-f525342f291a
eb517afd-319c-4949-9a40-63752bef4001,Army begins fitness competition in C-River,,2017-08-01,2018-07-31,https://www.vanguardngr.com/2017/08/army-begins-fitness-competition-c-river/,https://web.archive.org/web/20180731154744/https://www.vanguardngr.com/2017/08/army-begins-fitness-competition-c-river/,,eb517afd-319c-4949-9a40-63752bef4001,,Nigeria,NigeriaVanguard,Vanguard,33dae0fb-dbca-4d74-8e52-032b7c337789
edcbbdaf-79fe-4e68-b255-91181e8c5962,Insurgents Seize the Gulak Village,,2014-09-06,,http://allafrica.com/stories/201409081607.html,https://web.archive.org/20140910023230/http://allafrica.com/stories/201409081607.html,2014-09-10T02:32:30,edcbbdaf-79fe-4e68-b255-91181e8c5962,,Nigeria,NigeriaLeadership,Leadership,8f96e06a-1bfa-47a4-b05f-e6360770aca4
eeb8a422-93b2-456f-8874-68eedeace90c,"New Theatre Commander Ops LAFIYA DOLE, Gen Attahiru resumes",,2017-05-30,,http://sunnewsonline.com/new-theatre-commander-ops-lafiya-dole-gen-attahiru-resumes/,https://web.archive.org/web/20171016145937/http://sunnewsonline.com/new-theatre-commander-ops-lafiya-dole-gen-attahiru-resumes/,2017-10-16T14:59:37,eeb8a422-93b2-456f-8874-68eedeace90c,,Nigeria,NigeriaThe Sun,The Sun,7787a9e0-eb02-4236-a491-0392404b0e64
ef0096ed-e1db-4c3e-b8a3-259c9bec5063,Insurgency: Nigeria at war —GOC warns,,2014-02-20,,http://www.dailytrust.com.ng/daily/index.php/news-menu/news/17319-insurgency-nigeria-at-war-goc-warns,https://web.archive.org/web/20150930005834/http://www.dailytrust.com.ng/daily/index.php/news-menu/news/17319-insurgency-nigeria-at-war-goc-warns,2015-09-30T00:58:34,ef0096ed-e1db-4c3e-b8a3-259c9bec5063,,Nigeria,NigeriaDaily Trust,Daily Trust,ffc4fc8e-45e1-4ddb-9faa-55c7e16f81ee
efd4f30d-9d8e-4df4-8fac-5ef7b8c3135e,95 generals moved in fresh Army shake-up,,2015-07-30,,http://www.vanguardngr.com/2015/07/95-generals-moved-in-fresh-army-shake-up/,https://web.archive.org/web/20150810054418/http://www.vanguardngr.com/2015/07/95-generals-moved-in-fresh-army-shake-up/,2015-08-10T05:44:18,efd4f30d-9d8e-4df4-8fac-5ef7b8c3135e,,Nigeria,NigeriaVanguard,Vanguard,33dae0fb-dbca-4d74-8e52-032b7c337789
f1f26a4f-10e2-4ce4-a00d-bf614c1efefb,"Troops destroys Boko Haram IED factory, rescues hostages in Borno",,2018-04-24,2018-08-08,https://www.vanguardngr.com/2018/04/troops-destroys-boko-haram-ied-factory-rescues-hostages-borno/,https://web.archive.org/web/20180808190838/https://www.vanguardngr.com/2018/04/troops-destroys-boko-haram-ied-factory-rescues-hostages-borno/,,f1f26a4f-10e2-4ce4-a00d-bf614c1efefb,,Nigeria,NigeriaVanguard,Vanguard,33dae0fb-dbca-4d74-8e52-032b7c337789
f22167e9-0586-44c4-9690-d3a46fd769d0,"Jonathan Sacks GOCs, Redeploys Others",,2010-09-25,,http://allafrica.com/stories/201009270430.html,No archive available,,f22167e9-0586-44c4-9690-d3a46fd769d0,,Nigeria,NigeriaDaily Champion,Daily Champion,6b6ee6fe-96a7-40d5-b67b-948d9d7679d8
f3dd4b96-e621-4a6f-a3bb-b74d8f7364db,NSCIA to Boko Haram - Stop Spilling Blood,,2013-05-09,,http://leadership.ng/news/336592/nscia-boko-haram-stop-spilling-blood,https://web.archive.org/web/20150308034431/http://leadership.ng/news/336592/nscia-boko-haram-stop-spilling-blood,2015-03-08T03:44:31,f3dd4b96-e621-4a6f-a3bb-b74d8f7364db,,Nigeria,NigeriaLeadership,Leadership,8f96e06a-1bfa-47a4-b05f-e6360770aca4
f3ea7c54-9938-4532-9bd9-5cf1b7dceb10,"Police Arrest Suspected Militant, Chief, Over Patani Invasion",,2007-08-17,,http://allafrica.com/stories/200708170127.html,No archive available,,f3ea7c54-9938-4532-9bd9-5cf1b7dceb10,,Nigeria,NigeriaVanguard,Vanguard,33dae0fb-dbca-4d74-8e52-032b7c337789
f4888dff-c139-4938-80b2-4d864725007f,Stars on their shoulders. Blood on their hands. War crimes committed by the Nigerian military,11,2015-06-02,,https://www.amnesty.org/en/documents/afr44/1657/2015/en/,https://web.archive.org/web/20150910231307/https://www.amnesty.org/en/documents/afr44/1657/2015/en/,2015-09-10T23:13:07,f4888dff-c139-4938-80b2-4d864725007f,,United Kingdom,United KingdomAmnesty International,Amnesty International,2190a9b4-8163-47a6-8461-3157f68c3ba3
f6654e47-be8f-4676-8abf-d11ae91b1d3b,Army competition: Woman emerges best shooter,,2018-05-03,2018-07-31,https://www.vanguardngr.com/2018/05/soldiers-competition-woman-emerges-best-shooter/,,,f6654e47-be8f-4676-8abf-d11ae91b1d3b,,Nigeria,NigeriaVanguard,Vanguard,33dae0fb-dbca-4d74-8e52-032b7c337789
fb5b60cc-ac5d-4bce-80d3-ab0e8579af04,Herdsmen Menace: 3,,2016-01-30,,http://www.ngrguardiannews.com/2016/01/herdsmen-menace-3-7-million-lives-lost-in-16-years-in-adamawa/,https://web.archive.org/web/20160131083653/http://www.ngrguardiannews.com/2016/01/herdsmen-menace-3-7-million-lives-lost-in-16-years-in-adamawa/,2016-01-31T08:36:53,fb5b60cc-ac5d-4bce-80d3-ab0e8579af04,,Nigeria,NigeriaThe Guardian,The Guardian,966737d1-e1b8-4498-8a96-9b42eceb25d3
fc540839-d2cf-4752-a913-6012fb15e9aa,"Ihejirika Heads for Defence, as Jonathan Shops for New Coas",,2012-08-18,,http://allafrica.com/stories/201208190142.html,No archive available,,fc540839-d2cf-4752-a913-6012fb15e9aa,,Nigeria,NigeriaLeadership,Leadership,8f96e06a-1bfa-47a4-b05f-e6360770aca4
fe91aabe-38b0-458d-8a55-8032b0e40ed1,"Presidency Moves to Avert Attacks on Mosques, Churches During Sallah",,2012-08-18,,http://www.vanguardngr.com/2012/08/presidency-moves-to-avert-attacks-on-mosques-churches-during-sallah/,https://web.archive.org/web/20121022051043/http://www.vanguardngr.com/2012/08/presidency-moves-to-avert-attacks-on-mosques-churches-during-sallah/,2012-10-22T05:10:43,fe91aabe-38b0-458d-8a55-8032b0e40ed1,,Nigeria,NigeriaVanguard,Vanguard,33dae0fb-dbca-4d74-8e52-032b7c337789
